initialization centroids,distortion,centroids,clusters
"[(1, 2), (3, 4), (5, 6)]",443,"[(5, 2), (2, 6), (7, 6)]","[[(1, 2), (4, 2), (9, 2), (7, 1), (3, 1), (8, 1), (2, 1), (3, 2), (6, 2), (4, 1), (9, 1), (6, 1), (6, 3), (4, 3), (7, 3), (5, 3), (8, 3), (5, 4), (6, 4)], [(2, 3), (1, 3), (1, 4), (3, 4), (1, 5), (1, 8), (1, 7), (4, 5), (2, 6), (3, 7), (2, 8), (2, 9), (3, 9), (2, 5), (3, 8), (4, 6), (4, 9)], [(5, 6), (9, 4), (7, 4), (8, 5), (7, 5), (7, 8), (8, 9), (6, 7), (9, 6), (5, 9), (8, 7), (9, 8), (7, 6), (5, 8), (6, 9)]]"
"[(1, 2), (3, 4), (2, 3)]",507,"[(5, 2), (5, 7), (1, 4)]","[[(4, 2), (9, 2), (7, 1), (3, 1), (8, 1), (2, 1), (3, 2), (6, 2), (4, 1), (9, 1), (6, 1), (6, 3), (4, 3), (7, 3), (5, 3), (8, 3), (5, 4), (6, 4), (9, 4), (7, 4)], [(5, 6), (7, 8), (4, 5), (8, 9), (3, 7), (2, 8), (6, 7), (8, 5), (9, 6), (5, 9), (4, 6), (2, 9), (3, 9), (7, 5), (4, 9), (8, 7), (9, 8), (7, 6), (5, 8), (6, 9), (3, 8)], [(2, 6), (1, 2), (3, 4), (1, 8), (1, 7), (1, 5), (1, 4), (1, 3), (2, 5), (2, 3)]]"
"[(1, 2), (3, 4), (7, 8)]",443,"[(5, 2), (2, 6), (7, 6)]","[[(1, 2), (4, 2), (9, 2), (7, 1), (3, 1), (8, 1), (2, 1), (3, 2), (6, 2), (4, 1), (9, 1), (6, 1), (6, 3), (4, 3), (7, 3), (5, 3), (8, 3), (5, 4), (6, 4)], [(2, 3), (1, 3), (1, 4), (3, 4), (1, 5), (1, 8), (1, 7), (4, 5), (2, 6), (3, 7), (2, 8), (4, 6), (2, 9), (3, 9), (2, 5), (3, 8), (4, 9)], [(5, 6), (9, 4), (7, 4), (8, 5), (7, 5), (7, 8), (8, 9), (6, 7), (9, 6), (5, 9), (8, 7), (9, 8), (7, 6), (5, 8), (6, 9)]]"
"[(1, 2), (3, 4), (4, 5)]",443,"[(5, 2), (2, 6), (7, 6)]","[[(1, 2), (4, 2), (9, 2), (7, 1), (3, 1), (8, 1), (2, 1), (3, 2), (6, 2), (4, 1), (9, 1), (6, 1), (6, 3), (4, 3), (7, 3), (5, 3), (8, 3), (5, 4), (6, 4)], [(2, 3), (1, 3), (1, 4), (3, 4), (1, 5), (1, 8), (1, 7), (2, 6), (3, 7), (2, 8), (2, 9), (3, 9), (2, 5), (3, 8), (4, 5), (4, 6), (4, 9)], [(5, 6), (9, 4), (7, 4), (8, 5), (7, 5), (7, 8), (8, 9), (6, 7), (9, 6), (5, 9), (8, 7), (9, 8), (7, 6), (5, 8), (6, 9)]]"
"[(1, 2), (3, 4), (1, 5)]",531,"[(4, 1), (6, 6), (1, 6)]","[[(1, 2), (2, 3), (4, 2), (9, 2), (7, 1), (3, 1), (8, 1), (2, 1), (3, 2), (6, 2), (4, 1), (9, 1), (6, 1), (4, 3), (3, 4), (5, 3)], [(5, 6), (7, 8), (4, 5), (8, 9), (6, 3), (5, 4), (6, 7), (8, 5), (9, 6), (5, 9), (7, 3), (4, 6), (6, 4), (7, 5), (9, 4), (4, 9), (8, 7), (9, 8), (7, 6), (5, 8), (8, 3), (6, 9), (7, 4)], [(1, 3), (3, 7), (3, 9), (3, 8), (1, 5), (2, 6), (1, 8), (2, 8), (1, 4), (2, 9), (1, 7), (2, 5)]]"
"[(1, 2), (3, 4), (8, 9)]",443,"[(5, 2), (2, 6), (7, 6)]","[[(1, 2), (4, 2), (9, 2), (7, 1), (3, 1), (8, 1), (2, 1), (3, 2), (6, 2), (4, 1), (9, 1), (6, 1), (6, 3), (4, 3), (7, 3), (5, 3), (8, 3), (5, 4), (6, 4)], [(2, 3), (1, 3), (1, 4), (3, 4), (1, 5), (1, 8), (1, 7), (4, 5), (2, 6), (3, 7), (2, 8), (4, 6), (2, 9), (3, 9), (2, 5), (3, 8), (4, 9)], [(5, 6), (7, 5), (9, 4), (7, 4), (8, 5), (7, 8), (8, 9), (6, 7), (9, 6), (5, 9), (8, 7), (9, 8), (7, 6), (5, 8), (6, 9)]]"
"[(1, 2), (3, 4), (2, 6)]",427,"[(2, 2), (7, 3), (4, 7)]","[[(1, 2), (2, 3), (4, 2), (3, 1), (1, 4), (2, 1), (3, 2), (4, 1), (1, 3), (3, 4), (4, 3), (1, 5), (2, 5)], [(7, 1), (8, 1), (9, 1), (6, 1), (9, 2), (6, 2), (6, 3), (5, 4), (8, 5), (7, 3), (6, 4), (7, 5), (9, 4), (5, 3), (8, 3), (7, 4), (9, 6), (7, 6)], [(4, 5), (5, 6), (7, 8), (8, 9), (2, 6), (1, 8), (3, 7), (2, 8), (6, 7), (5, 9), (4, 6), (2, 9), (3, 9), (4, 9), (8, 7), (1, 7), (9, 8), (5, 8), (6, 9), (3, 8)]]"
"[(1, 2), (3, 4), (4, 2)]",495,"[(2, 5), (6, 6), (5, 1)]","[[(1, 2), (2, 3), (1, 5), (1, 8), (1, 4), (1, 7), (1, 3), (3, 4), (2, 6), (2, 8), (2, 9), (2, 5), (4, 5), (3, 7), (3, 9), (3, 8)], [(5, 6), (7, 8), (8, 9), (5, 4), (6, 7), (8, 5), (9, 6), (5, 9), (4, 6), (6, 4), (7, 5), (9, 4), (4, 9), (8, 7), (9, 8), (7, 6), (5, 8), (6, 9), (7, 4), (6, 3), (7, 3), (8, 3)], [(2, 1), (4, 2), (9, 2), (7, 1), (3, 1), (4, 3), (8, 1), (5, 3), (3, 2), (6, 2), (4, 1), (9, 1), (6, 1)]]"
"[(1, 2), (5, 6), (2, 3)]",507,"[(5, 2), (5, 7), (1, 4)]","[[(4, 2), (9, 2), (7, 1), (3, 1), (8, 1), (2, 1), (3, 2), (6, 2), (4, 1), (9, 1), (6, 1), (6, 3), (7, 3), (5, 3), (8, 3), (4, 3), (5, 4), (6, 4), (9, 4), (7, 4)], [(5, 6), (7, 8), (4, 5), (8, 9), (3, 7), (2, 8), (6, 7), (8, 5), (9, 6), (5, 9), (4, 6), (2, 9), (3, 9), (7, 5), (4, 9), (8, 7), (9, 8), (7, 6), (5, 8), (6, 9), (3, 8)], [(2, 6), (1, 2), (3, 4), (1, 8), (1, 7), (1, 5), (1, 4), (1, 3), (2, 3), (2, 5)]]"
"[(1, 2), (5, 6), (7, 8)]",582,"[(4, 1), (5, 4), (4, 7)]","[[(1, 2), (2, 3), (4, 2), (9, 2), (7, 1), (3, 1), (4, 3), (8, 1), (2, 1), (3, 2), (6, 2), (4, 1), (1, 3), (9, 1), (6, 1)], [(3, 4), (1, 4), (1, 5), (2, 5), (5, 6), (4, 5), (6, 3), (5, 4), (8, 5), (7, 3), (6, 4), (7, 5), (9, 4), (5, 3), (8, 3), (7, 4), (9, 6), (7, 6)], [(2, 6), (4, 6), (1, 7), (3, 7), (1, 8), (2, 8), (6, 7), (5, 9), (2, 9), (3, 9), (4, 9), (5, 8), (3, 8), (7, 8), (8, 9), (8, 7), (9, 8), (6, 9)]]"
"[(1, 2), (5, 6), (4, 5)]",507,"[(5, 2), (5, 7), (1, 4)]","[[(4, 2), (9, 2), (7, 1), (3, 1), (8, 1), (2, 1), (3, 2), (6, 2), (4, 1), (9, 1), (6, 1), (6, 3), (7, 3), (5, 3), (8, 3), (4, 3), (5, 4), (6, 4), (9, 4), (7, 4)], [(5, 6), (7, 8), (8, 9), (3, 7), (2, 8), (6, 7), (8, 5), (9, 6), (5, 9), (4, 6), (2, 9), (3, 9), (7, 5), (4, 9), (8, 7), (9, 8), (7, 6), (5, 8), (6, 9), (3, 8), (4, 5)], [(2, 6), (1, 2), (2, 3), (1, 3), (1, 8), (1, 7), (1, 5), (1, 4), (3, 4), (2, 5)]]"
"[(1, 2), (5, 6), (1, 5)]",531,"[(4, 1), (6, 6), (1, 6)]","[[(1, 2), (2, 3), (4, 2), (9, 2), (7, 1), (3, 1), (4, 3), (8, 1), (2, 1), (3, 2), (6, 2), (4, 1), (9, 1), (6, 1), (5, 3), (3, 4)], [(5, 6), (7, 8), (4, 5), (8, 9), (6, 3), (5, 4), (6, 7), (8, 5), (9, 6), (5, 9), (7, 3), (4, 6), (6, 4), (7, 5), (9, 4), (4, 9), (8, 7), (9, 8), (7, 6), (5, 8), (8, 3), (6, 9), (7, 4)], [(1, 3), (3, 7), (3, 9), (3, 8), (1, 5), (2, 6), (1, 8), (2, 8), (1, 4), (2, 9), (1, 7), (2, 5)]]"
"[(1, 2), (5, 6), (8, 9)]",582,"[(4, 1), (5, 4), (4, 7)]","[[(1, 2), (2, 3), (4, 2), (9, 2), (7, 1), (3, 1), (4, 3), (8, 1), (2, 1), (3, 2), (6, 2), (4, 1), (1, 3), (9, 1), (6, 1)], [(3, 4), (1, 4), (1, 5), (2, 5), (5, 6), (4, 5), (6, 3), (5, 4), (8, 5), (7, 3), (6, 4), (7, 5), (9, 4), (5, 3), (8, 3), (7, 4), (9, 6), (7, 6)], [(2, 6), (4, 6), (1, 7), (3, 7), (1, 8), (2, 8), (6, 7), (5, 9), (2, 9), (3, 9), (4, 9), (5, 8), (3, 8), (7, 8), (8, 9), (8, 7), (9, 8), (6, 9)]]"
"[(1, 2), (5, 6), (2, 6)]",508,"[(5, 1), (6, 5), (2, 6)]","[[(1, 2), (4, 2), (9, 2), (7, 1), (3, 1), (4, 3), (8, 1), (2, 1), (3, 2), (6, 2), (4, 1), (9, 1), (6, 1), (5, 3)], [(5, 6), (7, 8), (4, 5), (8, 9), (6, 3), (5, 4), (6, 7), (8, 5), (9, 6), (5, 9), (7, 3), (6, 4), (7, 5), (9, 4), (8, 7), (9, 8), (7, 6), (5, 8), (8, 3), (6, 9), (7, 4)], [(2, 3), (1, 4), (1, 3), (4, 6), (4, 9), (3, 4), (1, 5), (2, 6), (1, 8), (3, 7), (2, 8), (2, 9), (3, 9), (1, 7), (2, 5), (3, 8)]]"
"[(1, 2), (5, 6), (4, 2)]",495,"[(2, 5), (6, 6), (5, 1)]","[[(1, 2), (2, 3), (1, 5), (1, 8), (1, 4), (1, 7), (2, 5), (1, 3), (2, 6), (2, 8), (2, 9), (3, 4), (4, 5), (3, 7), (3, 9), (3, 8)], [(5, 6), (7, 8), (8, 9), (5, 4), (6, 7), (8, 5), (9, 6), (5, 9), (4, 6), (6, 4), (7, 5), (9, 4), (4, 9), (8, 7), (9, 8), (7, 6), (5, 8), (6, 9), (7, 4), (6, 3), (7, 3), (8, 3)], [(2, 1), (4, 2), (9, 2), (7, 1), (3, 1), (4, 3), (8, 1), (5, 3), (3, 2), (6, 2), (4, 1), (9, 1), (6, 1)]]"
"[(1, 2), (2, 3), (7, 8)]",578,"[(5, 1), (4, 4), (4, 7)]","[[(1, 2), (4, 2), (9, 2), (7, 1), (3, 1), (8, 1), (2, 1), (3, 2), (6, 2), (4, 1), (9, 1), (6, 1), (6, 3), (7, 3), (5, 3), (8, 3)], [(1, 3), (2, 3), (1, 5), (1, 4), (3, 4), (4, 5), (5, 4), (4, 3), (6, 4), (2, 5), (9, 4), (7, 4), (8, 5), (7, 5)], [(2, 6), (4, 6), (1, 8), (1, 7), (3, 7), (2, 8), (2, 9), (5, 6), (7, 8), (8, 9), (6, 7), (9, 6), (5, 9), (3, 9), (4, 9), (8, 7), (9, 8), (7, 6), (5, 8), (6, 9), (3, 8)]]"
"[(1, 2), (2, 3), (4, 5)]",508,"[(5, 1), (2, 6), (6, 5)]","[[(1, 2), (4, 2), (9, 2), (7, 1), (3, 1), (8, 1), (2, 1), (3, 2), (6, 2), (4, 1), (9, 1), (6, 1), (4, 3), (5, 3)], [(1, 3), (2, 3), (1, 5), (1, 8), (1, 4), (1, 7), (3, 4), (2, 6), (2, 8), (2, 9), (2, 5), (3, 7), (3, 9), (3, 8), (4, 6), (4, 9)], [(4, 5), (5, 4), (6, 3), (7, 3), (8, 3), (5, 6), (7, 8), (8, 9), (6, 7), (8, 5), (9, 6), (5, 9), (6, 4), (7, 5), (9, 4), (8, 7), (9, 8), (7, 6), (5, 8), (6, 9), (7, 4)]]"
"[(1, 2), (2, 3), (1, 5)]",579,"[(4, 1), (5, 3), (4, 7)]","[[(1, 2), (4, 2), (7, 1), (3, 1), (8, 1), (2, 1), (3, 2), (4, 1), (9, 1), (6, 1)], [(9, 2), (6, 2), (1, 3), (3, 4), (2, 3), (6, 3), (5, 4), (4, 3), (7, 3), (6, 4), (9, 4), (5, 3), (8, 3), (7, 4), (8, 5), (1, 4), (7, 5)], [(5, 6), (7, 8), (4, 5), (1, 5), (8, 9), (2, 6), (1, 8), (3, 7), (2, 8), (6, 7), (9, 6), (5, 9), (4, 6), (2, 9), (3, 9), (4, 9), (8, 7), (1, 7), (9, 8), (7, 6), (2, 5), (5, 8), (6, 9), (3, 8)]]"
"[(1, 2), (2, 3), (8, 9)]",578,"[(5, 1), (4, 4), (4, 7)]","[[(1, 2), (4, 2), (9, 2), (7, 1), (3, 1), (8, 1), (2, 1), (3, 2), (6, 2), (4, 1), (9, 1), (6, 1), (6, 3), (7, 3), (5, 3), (8, 3)], [(1, 3), (2, 3), (1, 5), (1, 4), (3, 4), (4, 5), (5, 4), (4, 3), (6, 4), (2, 5), (7, 4), (9, 4), (8, 5), (7, 5)], [(2, 6), (4, 6), (1, 8), (1, 7), (5, 6), (3, 7), (2, 8), (2, 9), (3, 8), (7, 8), (8, 9), (6, 7), (9, 6), (5, 9), (3, 9), (4, 9), (8, 7), (9, 8), (7, 6), (5, 8), (6, 9)]]"
"[(1, 2), (2, 3), (2, 6)]",579,"[(4, 1), (5, 3), (4, 7)]","[[(1, 2), (4, 2), (7, 1), (3, 1), (8, 1), (2, 1), (3, 2), (4, 1), (9, 1), (6, 1)], [(9, 2), (1, 4), (6, 2), (1, 3), (3, 4), (2, 3), (6, 3), (5, 4), (4, 3), (7, 3), (6, 4), (9, 4), (5, 3), (8, 3), (7, 4), (8, 5), (7, 5)], [(5, 6), (7, 8), (4, 5), (1, 5), (8, 9), (2, 6), (1, 8), (3, 7), (2, 8), (6, 7), (9, 6), (5, 9), (4, 6), (2, 9), (3, 9), (4, 9), (8, 7), (1, 7), (9, 8), (7, 6), (2, 5), (5, 8), (6, 9), (3, 8)]]"
"[(1, 2), (2, 3), (4, 2)]",427,"[(2, 2), (4, 7), (7, 3)]","[[(1, 2), (1, 5), (1, 4), (2, 1), (1, 3), (2, 3), (3, 1), (3, 2), (4, 2), (4, 1), (3, 4), (2, 5), (4, 3)], [(1, 8), (1, 7), (2, 6), (3, 7), (2, 8), (2, 9), (3, 9), (3, 8), (5, 6), (4, 5), (5, 9), (4, 6), (4, 9), (5, 8), (7, 8), (8, 9), (6, 7), (8, 7), (9, 8), (6, 9)], [(6, 3), (9, 2), (5, 4), (7, 1), (8, 5), (9, 6), (7, 3), (8, 1), (6, 4), (7, 5), (9, 4), (5, 3), (6, 2), (7, 6), (8, 3), (7, 4), (9, 1), (6, 1)]]"
"[(1, 2), (7, 8), (4, 5)]",580,"[(5, 1), (5, 6), (1, 4)]","[[(4, 2), (9, 2), (7, 1), (3, 1), (8, 1), (2, 1), (3, 2), (6, 2), (4, 1), (9, 1), (6, 1), (7, 3), (8, 3), (6, 3), (4, 3), (5, 3)], [(7, 8), (8, 9), (2, 8), (6, 7), (8, 5), (9, 6), (5, 9), (2, 9), (3, 9), (7, 5), (9, 4), (4, 9), (8, 7), (9, 8), (7, 6), (5, 8), (6, 9), (3, 8), (7, 4), (5, 6), (2, 6), (3, 7), (4, 6), (6, 4), (4, 5), (5, 4)], [(1, 2), (1, 8), (1, 7), (2, 3), (1, 3), (1, 5), (1, 4), (3, 4), (2, 5)]]"
"[(1, 2), (7, 8), (1, 5)]",514,"[(5, 2), (6, 6), (1, 5)]","[[(4, 2), (9, 2), (7, 1), (3, 1), (4, 3), (8, 1), (2, 1), (5, 3), (3, 2), (6, 2), (4, 1), (9, 1), (6, 1), (6, 3), (7, 3), (8, 3), (5, 4)], [(5, 6), (7, 8), (8, 9), (6, 7), (8, 5), (9, 6), (5, 9), (6, 4), (7, 5), (9, 4), (4, 9), (8, 7), (9, 8), (7, 6), (5, 8), (6, 9), (7, 4), (4, 5), (4, 6), (3, 9), (3, 8), (3, 7)], [(1, 2), (2, 3), (1, 3), (3, 4), (1, 5), (2, 6), (1, 8), (2, 8), (1, 4), (2, 9), (1, 7), (2, 5)]]"
"[(1, 2), (7, 8), (8, 9)]",474,"[(4, 2), (2, 7), (7, 5)]","[[(1, 2), (3, 4), (2, 3), (4, 2), (6, 3), (9, 2), (7, 1), (3, 1), (4, 3), (8, 1), (2, 1), (5, 3), (3, 2), (6, 2), (4, 1), (1, 3), (9, 1), (6, 1), (5, 4), (4, 5)], [(1, 4), (1, 5), (2, 5), (2, 6), (1, 8), (1, 7), (3, 7), (2, 8), (4, 6), (2, 9), (3, 9), (4, 9), (3, 8), (5, 9), (5, 8)], [(7, 3), (8, 3), (6, 4), (5, 6), (6, 7), (8, 5), (9, 6), (7, 5), (9, 4), (7, 6), (7, 4), (7, 8), (8, 7), (9, 8), (6, 9), (8, 9)]]"
"[(1, 2), (7, 8), (2, 6)]",485,"[(4, 2), (6, 6), (2, 7)]","[[(1, 2), (2, 3), (4, 2), (6, 3), (9, 2), (7, 1), (3, 1), (4, 3), (8, 1), (2, 1), (5, 3), (3, 2), (6, 2), (4, 1), (1, 3), (9, 1), (6, 1), (3, 4), (4, 5), (5, 4), (7, 3), (8, 3)], [(7, 8), (8, 9), (6, 7), (8, 5), (9, 6), (5, 9), (6, 4), (7, 5), (9, 4), (8, 7), (9, 8), (7, 6), (5, 8), (6, 9), (7, 4), (5, 6), (4, 6)], [(1, 4), (4, 9), (1, 5), (2, 6), (1, 8), (3, 7), (2, 8), (2, 9), (3, 9), (1, 7), (2, 5), (3, 8)]]"
"[(1, 2), (7, 8), (4, 2)]",470,"[(1, 4), (5, 7), (6, 2)]","[[(1, 2), (2, 3), (1, 5), (2, 6), (1, 8), (1, 4), (2, 1), (1, 7), (2, 5), (1, 3), (3, 4)], [(5, 6), (7, 8), (8, 9), (3, 7), (2, 8), (6, 7), (8, 5), (9, 6), (5, 9), (2, 9), (3, 9), (7, 5), (4, 9), (8, 7), (9, 8), (7, 6), (5, 8), (6, 9), (3, 8), (4, 5), (4, 6), (5, 4)], [(9, 4), (7, 4), (4, 2), (6, 3), (9, 2), (7, 1), (3, 1), (4, 3), (7, 3), (8, 1), (6, 4), (5, 3), (3, 2), (6, 2), (4, 1), (8, 3), (9, 1), (6, 1)]]"
"[(1, 2), (4, 5), (1, 5)]",531,"[(4, 1), (6, 6), (1, 6)]","[[(1, 2), (2, 3), (4, 2), (9, 2), (7, 1), (3, 1), (8, 1), (2, 1), (3, 2), (6, 2), (4, 1), (9, 1), (6, 1), (4, 3), (3, 4), (5, 3)], [(5, 6), (7, 8), (4, 5), (8, 9), (6, 3), (5, 4), (6, 7), (8, 5), (9, 6), (5, 9), (7, 3), (4, 6), (6, 4), (7, 5), (9, 4), (4, 9), (8, 7), (9, 8), (7, 6), (5, 8), (8, 3), (6, 9), (7, 4)], [(1, 3), (3, 7), (3, 9), (3, 8), (1, 5), (2, 6), (1, 8), (2, 8), (1, 4), (2, 9), (1, 7), (2, 5)]]"
"[(1, 2), (4, 5), (8, 9)]",443,"[(5, 2), (2, 6), (7, 6)]","[[(1, 2), (4, 2), (9, 2), (7, 1), (3, 1), (8, 1), (2, 1), (3, 2), (6, 2), (4, 1), (9, 1), (6, 1), (6, 3), (4, 3), (7, 3), (5, 3), (8, 3), (5, 4), (6, 4)], [(2, 3), (1, 3), (1, 4), (3, 4), (1, 5), (1, 8), (1, 7), (4, 5), (2, 6), (3, 7), (2, 8), (4, 6), (2, 9), (3, 9), (4, 9), (2, 5), (3, 8)], [(5, 6), (8, 5), (7, 5), (9, 4), (7, 4), (6, 7), (7, 6), (5, 8), (7, 8), (8, 9), (9, 6), (5, 9), (8, 7), (9, 8), (6, 9)]]"
"[(1, 2), (4, 5), (2, 6)]",526,"[(4, 1), (6, 5), (2, 7)]","[[(1, 2), (2, 3), (4, 2), (9, 2), (7, 1), (3, 1), (8, 1), (2, 1), (3, 2), (6, 2), (4, 1), (1, 3), (9, 1), (6, 1), (3, 4), (4, 3), (5, 3)], [(5, 6), (7, 8), (4, 5), (8, 9), (6, 3), (5, 4), (6, 7), (8, 5), (9, 6), (5, 9), (7, 3), (4, 6), (6, 4), (7, 5), (9, 4), (8, 7), (9, 8), (7, 6), (5, 8), (8, 3), (6, 9), (7, 4)], [(1, 4), (4, 9), (1, 5), (2, 6), (1, 8), (3, 7), (2, 8), (2, 9), (3, 9), (1, 7), (2, 5), (3, 8)]]"
"[(1, 2), (4, 5), (4, 2)]",495,"[(2, 5), (6, 6), (5, 1)]","[[(1, 2), (2, 3), (1, 5), (1, 8), (1, 4), (1, 7), (1, 3), (3, 4), (2, 6), (2, 8), (2, 9), (2, 5), (4, 5), (3, 7), (3, 9), (3, 8)], [(5, 6), (7, 8), (8, 9), (5, 4), (6, 7), (8, 5), (9, 6), (5, 9), (4, 6), (6, 4), (7, 5), (9, 4), (4, 9), (8, 7), (9, 8), (7, 6), (5, 8), (6, 9), (7, 4), (6, 3), (7, 3), (8, 3)], [(2, 1), (4, 2), (9, 2), (7, 1), (3, 1), (4, 3), (8, 1), (5, 3), (3, 2), (6, 2), (4, 1), (9, 1), (6, 1)]]"
"[(1, 2), (1, 5), (8, 9)]",508,"[(5, 1), (2, 6), (6, 5)]","[[(1, 2), (4, 2), (9, 2), (7, 1), (3, 1), (4, 3), (8, 1), (2, 1), (5, 3), (3, 2), (6, 2), (4, 1), (9, 1), (6, 1)], [(2, 3), (1, 3), (3, 4), (1, 5), (2, 6), (1, 8), (3, 7), (2, 8), (1, 4), (4, 6), (2, 9), (1, 7), (2, 5), (3, 8), (3, 9), (4, 9)], [(4, 5), (6, 3), (7, 3), (5, 6), (5, 4), (6, 4), (7, 8), (8, 9), (6, 7), (8, 5), (9, 6), (5, 9), (7, 5), (9, 4), (8, 7), (9, 8), (7, 6), (5, 8), (8, 3), (6, 9), (7, 4)]]"
"[(1, 2), (1, 5), (2, 6)]",578,"[(5, 1), (4, 4), (4, 7)]","[[(1, 2), (4, 2), (6, 3), (9, 2), (7, 1), (3, 1), (7, 3), (8, 1), (2, 1), (5, 3), (3, 2), (6, 2), (4, 1), (8, 3), (9, 1), (6, 1)], [(2, 3), (4, 3), (1, 3), (3, 4), (4, 5), (1, 5), (5, 4), (8, 5), (1, 4), (6, 4), (7, 5), (9, 4), (2, 5), (7, 4)], [(2, 6), (4, 6), (1, 8), (1, 7), (5, 6), (7, 8), (8, 9), (3, 7), (2, 8), (6, 7), (9, 6), (5, 9), (2, 9), (3, 9), (4, 9), (8, 7), (9, 8), (7, 6), (5, 8), (6, 9), (3, 8)]]"
"[(1, 2), (1, 5), (4, 2)]",587,"[(1, 2), (4, 6), (6, 2)]","[[(1, 2), (2, 3), (2, 1), (1, 3), (1, 5), (1, 4), (3, 1), (3, 2)], [(3, 4), (5, 6), (7, 8), (4, 5), (8, 9), (2, 6), (1, 8), (3, 7), (2, 8), (6, 7), (8, 5), (9, 6), (5, 9), (4, 6), (2, 9), (3, 9), (7, 5), (4, 9), (8, 7), (1, 7), (9, 8), (7, 6), (2, 5), (5, 8), (6, 9), (3, 8), (5, 4), (4, 3)], [(4, 2), (6, 3), (9, 2), (7, 1), (7, 3), (8, 1), (6, 4), (9, 4), (5, 3), (6, 2), (4, 1), (8, 3), (7, 4), (9, 1), (6, 1)]]"
"[(1, 2), (8, 9), (2, 6)]",485,"[(4, 2), (6, 6), (2, 7)]","[[(1, 2), (2, 3), (4, 2), (6, 3), (9, 2), (7, 1), (3, 1), (4, 3), (8, 1), (2, 1), (5, 3), (3, 2), (6, 2), (4, 1), (1, 3), (9, 1), (6, 1), (3, 4), (4, 5), (5, 4), (7, 3), (8, 3)], [(7, 8), (8, 9), (6, 7), (8, 5), (9, 6), (5, 9), (7, 5), (9, 4), (8, 7), (9, 8), (7, 6), (5, 8), (6, 9), (7, 4), (5, 6), (6, 4), (4, 6)], [(1, 4), (4, 9), (1, 5), (2, 6), (1, 8), (3, 7), (2, 8), (2, 9), (3, 9), (1, 7), (2, 5), (3, 8)]]"
"[(1, 2), (8, 9), (4, 2)]",477,"[(1, 5), (5, 7), (6, 2)]","[[(1, 2), (2, 3), (1, 5), (2, 6), (1, 8), (2, 8), (1, 4), (2, 1), (1, 7), (2, 5), (1, 3), (2, 9), (3, 4), (4, 5)], [(7, 8), (8, 9), (6, 7), (8, 5), (9, 6), (5, 9), (3, 9), (7, 5), (4, 9), (8, 7), (9, 8), (7, 6), (5, 8), (6, 9), (3, 8), (5, 6), (3, 7), (4, 6), (5, 4)], [(9, 4), (4, 2), (6, 3), (9, 2), (7, 1), (3, 1), (4, 3), (7, 3), (8, 1), (6, 4), (5, 3), (3, 2), (6, 2), (4, 1), (8, 3), (7, 4), (9, 1), (6, 1)]]"
"[(1, 2), (2, 6), (4, 2)]",480,"[(2, 3), (4, 7), (6, 2)]","[[(1, 2), (2, 3), (1, 4), (2, 1), (1, 3), (3, 4), (1, 5), (2, 5), (3, 1), (3, 2), (4, 3), (2, 6)], [(5, 6), (7, 8), (4, 5), (8, 9), (1, 8), (3, 7), (2, 8), (6, 7), (9, 6), (5, 9), (4, 6), (2, 9), (3, 9), (4, 9), (8, 7), (1, 7), (9, 8), (7, 6), (5, 8), (6, 9), (3, 8)], [(8, 5), (7, 5), (4, 2), (6, 3), (9, 2), (5, 4), (7, 1), (7, 3), (8, 1), (6, 4), (9, 4), (5, 3), (6, 2), (4, 1), (8, 3), (7, 4), (9, 1), (6, 1)]]"
"[(3, 4), (5, 6), (2, 3)]",509,"[(6, 2), (4, 7), (1, 2)]","[[(4, 2), (6, 3), (9, 2), (5, 4), (7, 1), (4, 3), (7, 3), (8, 1), (6, 4), (9, 4), (5, 3), (6, 2), (4, 1), (8, 3), (7, 4), (9, 1), (6, 1), (8, 5), (7, 5)], [(3, 4), (4, 5), (2, 6), (4, 6), (1, 8), (3, 7), (2, 8), (2, 9), (3, 9), (1, 7), (3, 8), (5, 6), (7, 8), (8, 9), (6, 7), (9, 6), (5, 9), (4, 9), (8, 7), (9, 8), (7, 6), (5, 8), (6, 9), (2, 5)], [(1, 5), (3, 1), (1, 4), (3, 2), (1, 2), (2, 3), (2, 1), (1, 3)]]"
"[(3, 4), (5, 6), (7, 8)]",541,"[(4, 2), (5, 5), (4, 8)]","[[(1, 2), (3, 4), (2, 3), (4, 2), (6, 3), (9, 2), (7, 1), (3, 1), (4, 3), (1, 4), (7, 3), (8, 1), (2, 1), (5, 3), (3, 2), (6, 2), (4, 1), (8, 3), (1, 3), (9, 1), (6, 1)], [(4, 5), (1, 5), (5, 4), (2, 5), (2, 6), (6, 4), (9, 4), (7, 4), (5, 6), (6, 7), (8, 5), (9, 6), (4, 6), (7, 5), (7, 6), (8, 7)], [(3, 7), (1, 7), (1, 8), (2, 8), (2, 9), (3, 9), (3, 8), (5, 9), (4, 9), (5, 8), (7, 8), (8, 9), (9, 8), (6, 9)]]"
"[(3, 4), (5, 6), (4, 5)]",507,"[(5, 2), (5, 7), (1, 4)]","[[(4, 2), (6, 3), (9, 2), (5, 4), (7, 1), (3, 1), (4, 3), (7, 3), (8, 1), (6, 4), (9, 4), (2, 1), (5, 3), (3, 2), (6, 2), (4, 1), (8, 3), (7, 4), (9, 1), (6, 1)], [(3, 7), (3, 9), (3, 8), (5, 6), (7, 8), (8, 9), (6, 7), (8, 5), (9, 6), (5, 9), (7, 5), (4, 9), (8, 7), (9, 8), (7, 6), (5, 8), (6, 9), (4, 6), (2, 8), (2, 9), (4, 5)], [(1, 2), (3, 4), (2, 3), (1, 4), (1, 3), (1, 8), (1, 7), (1, 5), (2, 6), (2, 5)]]"
"[(3, 4), (5, 6), (1, 5)]",507,"[(5, 2), (5, 7), (1, 4)]","[[(4, 2), (6, 3), (9, 2), (5, 4), (7, 1), (3, 1), (4, 3), (7, 3), (8, 1), (6, 4), (9, 4), (2, 1), (5, 3), (3, 2), (6, 2), (4, 1), (8, 3), (7, 4), (9, 1), (6, 1)], [(4, 5), (3, 7), (3, 9), (3, 8), (5, 6), (7, 8), (8, 9), (6, 7), (8, 5), (9, 6), (5, 9), (4, 6), (7, 5), (4, 9), (8, 7), (9, 8), (7, 6), (5, 8), (6, 9), (2, 8), (2, 9)], [(3, 4), (2, 3), (1, 2), (1, 5), (2, 6), (1, 8), (1, 4), (1, 7), (2, 5), (1, 3)]]"
"[(3, 4), (5, 6), (8, 9)]",541,"[(4, 2), (5, 5), (4, 8)]","[[(1, 2), (3, 4), (2, 3), (4, 2), (6, 3), (9, 2), (7, 1), (3, 1), (4, 3), (1, 4), (7, 3), (8, 1), (2, 1), (5, 3), (3, 2), (6, 2), (4, 1), (8, 3), (1, 3), (9, 1), (6, 1)], [(4, 5), (1, 5), (5, 4), (2, 5), (2, 6), (6, 4), (9, 4), (7, 4), (5, 6), (6, 7), (8, 5), (9, 6), (4, 6), (7, 5), (7, 6), (8, 7)], [(3, 7), (1, 7), (1, 8), (2, 8), (2, 9), (3, 9), (3, 8), (5, 9), (4, 9), (5, 8), (7, 8), (8, 9), (9, 8), (6, 9)]]"
"[(3, 4), (5, 6), (2, 6)]",511,"[(5, 2), (5, 7), (1, 6)]","[[(1, 2), (3, 4), (2, 3), (4, 2), (6, 3), (9, 2), (5, 4), (7, 1), (3, 1), (4, 3), (7, 3), (8, 1), (6, 4), (9, 4), (2, 1), (5, 3), (3, 2), (6, 2), (4, 1), (8, 3), (7, 4), (9, 1), (6, 1)], [(4, 5), (5, 6), (7, 8), (8, 9), (6, 7), (8, 5), (9, 6), (5, 9), (4, 6), (7, 5), (4, 9), (8, 7), (9, 8), (7, 6), (5, 8), (6, 9), (3, 7), (3, 9), (3, 8)], [(1, 3), (1, 4), (1, 5), (2, 6), (1, 8), (2, 8), (2, 9), (1, 7), (2, 5)]]"
"[(3, 4), (5, 6), (4, 2)]",485,"[(2, 5), (6, 6), (6, 1)]","[[(3, 4), (2, 3), (4, 5), (1, 5), (2, 6), (1, 8), (3, 7), (2, 8), (1, 4), (2, 9), (3, 9), (1, 7), (2, 5), (3, 8), (1, 3), (1, 2), (4, 3), (3, 2), (2, 1)], [(5, 4), (4, 6), (6, 4), (9, 4), (7, 4), (5, 6), (7, 8), (8, 9), (6, 7), (8, 5), (9, 6), (5, 9), (7, 5), (4, 9), (8, 7), (9, 8), (7, 6), (5, 8), (6, 9)], [(4, 2), (6, 3), (9, 2), (7, 1), (3, 1), (7, 3), (8, 1), (5, 3), (6, 2), (4, 1), (8, 3), (9, 1), (6, 1)]]"
"[(3, 4), (2, 3), (7, 8)]",470,"[(6, 2), (1, 4), (5, 7)]","[[(4, 2), (6, 3), (9, 2), (5, 4), (7, 1), (4, 3), (7, 3), (8, 1), (6, 4), (9, 4), (5, 3), (6, 2), (4, 1), (8, 3), (7, 4), (9, 1), (6, 1), (3, 1), (3, 2), (8, 5), (7, 5)], [(3, 4), (2, 6), (2, 5), (1, 5), (1, 8), (1, 4), (1, 7), (1, 2), (2, 3), (2, 1), (1, 3)], [(4, 5), (4, 6), (5, 6), (3, 7), (2, 8), (2, 9), (3, 9), (3, 8), (7, 8), (8, 9), (6, 7), (9, 6), (5, 9), (4, 9), (8, 7), (9, 8), (7, 6), (5, 8), (6, 9)]]"
"[(3, 4), (2, 3), (4, 5)]",470,"[(6, 2), (1, 4), (5, 7)]","[[(4, 2), (6, 3), (9, 2), (5, 4), (7, 1), (4, 3), (7, 3), (8, 1), (6, 4), (9, 4), (5, 3), (6, 2), (4, 1), (8, 3), (7, 4), (9, 1), (6, 1), (3, 1), (3, 2), (8, 5), (7, 5)], [(3, 4), (2, 6), (2, 5), (1, 5), (1, 8), (1, 4), (1, 7), (1, 2), (2, 3), (2, 1), (1, 3)], [(4, 5), (4, 6), (3, 7), (2, 8), (2, 9), (3, 9), (3, 8), (5, 6), (7, 8), (8, 9), (6, 7), (9, 6), (5, 9), (4, 9), (8, 7), (9, 8), (7, 6), (5, 8), (6, 9)]]"
"[(3, 4), (2, 3), (1, 5)]",547,"[(6, 4), (2, 2), (2, 7)]","[[(3, 4), (5, 6), (7, 8), (4, 5), (8, 9), (6, 3), (9, 2), (5, 4), (7, 1), (6, 7), (4, 3), (8, 5), (9, 6), (7, 3), (8, 1), (6, 4), (7, 5), (9, 4), (8, 7), (5, 3), (6, 2), (9, 8), (7, 6), (8, 3), (6, 9), (7, 4), (9, 1), (6, 1)], [(4, 2), (4, 1), (3, 1), (3, 2), (1, 2), (2, 3), (2, 1), (1, 3), (1, 4)], [(1, 5), (5, 9), (4, 6), (4, 9), (5, 8), (3, 7), (3, 9), (3, 8), (2, 6), (1, 8), (2, 8), (2, 9), (1, 7), (2, 5)]]"
"[(3, 4), (2, 3), (8, 9)]",470,"[(6, 2), (1, 4), (5, 7)]","[[(4, 2), (6, 3), (9, 2), (5, 4), (7, 1), (4, 3), (7, 3), (8, 1), (6, 4), (9, 4), (5, 3), (6, 2), (4, 1), (8, 3), (7, 4), (9, 1), (6, 1), (3, 1), (3, 2), (7, 5), (8, 5)], [(3, 4), (2, 6), (2, 5), (1, 5), (1, 8), (1, 4), (1, 7), (1, 2), (2, 3), (2, 1), (1, 3)], [(4, 5), (4, 6), (5, 6), (3, 7), (2, 8), (2, 9), (3, 9), (3, 8), (7, 8), (8, 9), (6, 7), (9, 6), (5, 9), (4, 9), (8, 7), (9, 8), (7, 6), (5, 8), (6, 9)]]"
"[(3, 4), (2, 3), (2, 6)]",501,"[(6, 2), (1, 3), (4, 7)]","[[(4, 2), (6, 3), (9, 2), (5, 4), (7, 1), (3, 1), (4, 3), (8, 5), (7, 3), (8, 1), (6, 4), (7, 5), (9, 4), (5, 3), (3, 2), (6, 2), (4, 1), (8, 3), (7, 4), (9, 1), (6, 1)], [(3, 4), (1, 4), (1, 2), (2, 3), (2, 1), (1, 3), (1, 5), (2, 5)], [(4, 5), (5, 6), (7, 8), (8, 9), (2, 6), (1, 8), (3, 7), (2, 8), (6, 7), (9, 6), (5, 9), (4, 6), (2, 9), (3, 9), (4, 9), (8, 7), (1, 7), (9, 8), (7, 6), (5, 8), (6, 9), (3, 8)]]"
"[(3, 4), (2, 3), (4, 2)]",535,"[(5, 6), (2, 2), (7, 2)]","[[(5, 6), (7, 8), (4, 5), (8, 9), (2, 6), (1, 8), (3, 7), (5, 4), (2, 8), (6, 7), (8, 5), (9, 6), (5, 9), (4, 6), (2, 9), (6, 4), (3, 9), (7, 5), (4, 9), (8, 7), (1, 7), (9, 8), (7, 6), (5, 8), (6, 9), (3, 8), (5, 3)], [(3, 4), (2, 5), (4, 3), (1, 5), (1, 4), (1, 2), (2, 3), (2, 1), (1, 3), (3, 2), (4, 2), (3, 1), (4, 1)], [(9, 4), (7, 4), (6, 3), (9, 2), (7, 1), (7, 3), (8, 1), (6, 2), (8, 3), (9, 1), (6, 1)]]"
"[(3, 4), (7, 8), (4, 5)]",507,"[(5, 2), (5, 7), (1, 4)]","[[(4, 2), (6, 3), (9, 2), (5, 4), (7, 1), (3, 1), (4, 3), (7, 3), (8, 1), (6, 4), (9, 4), (2, 1), (5, 3), (3, 2), (6, 2), (4, 1), (8, 3), (7, 4), (9, 1), (6, 1)], [(3, 7), (3, 9), (3, 8), (7, 8), (8, 9), (6, 7), (8, 5), (9, 6), (5, 9), (7, 5), (4, 9), (8, 7), (9, 8), (7, 6), (5, 8), (6, 9), (5, 6), (4, 6), (2, 8), (2, 9), (4, 5)], [(1, 2), (3, 4), (2, 3), (1, 4), (1, 3), (1, 8), (1, 7), (1, 5), (2, 6), (2, 5)]]"
"[(3, 4), (7, 8), (1, 5)]",507,"[(5, 2), (5, 7), (1, 4)]","[[(4, 2), (6, 3), (9, 2), (5, 4), (7, 1), (3, 1), (4, 3), (7, 3), (8, 1), (6, 4), (9, 4), (2, 1), (5, 3), (3, 2), (6, 2), (4, 1), (8, 3), (7, 4), (9, 1), (6, 1)], [(4, 5), (5, 6), (3, 7), (4, 6), (3, 9), (3, 8), (7, 8), (8, 9), (6, 7), (8, 5), (9, 6), (5, 9), (7, 5), (4, 9), (8, 7), (9, 8), (7, 6), (5, 8), (6, 9), (2, 8), (2, 9)], [(3, 4), (2, 3), (1, 2), (1, 5), (2, 6), (1, 8), (1, 4), (1, 7), (2, 5), (1, 3)]]"
"[(3, 4), (7, 8), (8, 9)]",474,"[(4, 2), (2, 7), (7, 5)]","[[(1, 2), (3, 4), (2, 3), (4, 2), (6, 3), (9, 2), (5, 4), (7, 1), (3, 1), (4, 3), (8, 1), (2, 1), (5, 3), (3, 2), (6, 2), (4, 1), (1, 3), (9, 1), (6, 1), (4, 5)], [(1, 4), (1, 5), (2, 6), (4, 6), (2, 5), (1, 8), (3, 7), (2, 8), (2, 9), (3, 9), (1, 7), (3, 8), (5, 9), (4, 9), (5, 8)], [(7, 3), (6, 4), (8, 3), (7, 4), (5, 6), (6, 7), (9, 4), (7, 8), (8, 5), (9, 6), (7, 5), (8, 7), (7, 6), (6, 9), (9, 8), (8, 9)]]"
"[(3, 4), (7, 8), (2, 6)]",511,"[(5, 2), (5, 7), (1, 6)]","[[(1, 2), (3, 4), (2, 3), (4, 2), (6, 3), (9, 2), (5, 4), (7, 1), (3, 1), (4, 3), (7, 3), (8, 1), (6, 4), (9, 4), (2, 1), (5, 3), (3, 2), (6, 2), (4, 1), (8, 3), (7, 4), (9, 1), (6, 1)], [(4, 5), (7, 8), (8, 9), (6, 7), (8, 5), (9, 6), (5, 9), (7, 5), (4, 9), (8, 7), (9, 8), (7, 6), (5, 8), (6, 9), (5, 6), (4, 6), (3, 7), (3, 9), (3, 8)], [(1, 3), (1, 4), (1, 5), (2, 6), (1, 8), (2, 8), (2, 9), (1, 7), (2, 5)]]"
"[(3, 4), (7, 8), (4, 2)]",485,"[(2, 5), (6, 6), (6, 1)]","[[(3, 4), (2, 3), (4, 5), (1, 5), (2, 6), (1, 8), (3, 7), (2, 8), (1, 4), (2, 9), (3, 9), (1, 7), (2, 5), (3, 8), (1, 3), (1, 2), (4, 3), (3, 2), (2, 1)], [(5, 4), (4, 6), (5, 6), (6, 4), (9, 4), (7, 4), (7, 8), (8, 9), (6, 7), (8, 5), (9, 6), (5, 9), (7, 5), (4, 9), (8, 7), (9, 8), (7, 6), (5, 8), (6, 9)], [(4, 2), (6, 3), (9, 2), (7, 1), (3, 1), (7, 3), (8, 1), (5, 3), (6, 2), (4, 1), (8, 3), (9, 1), (6, 1)]]"
"[(3, 4), (4, 5), (1, 5)]",507,"[(5, 2), (5, 7), (1, 4)]","[[(4, 2), (6, 3), (9, 2), (5, 4), (7, 1), (3, 1), (4, 3), (7, 3), (8, 1), (6, 4), (9, 4), (2, 1), (5, 3), (3, 2), (6, 2), (4, 1), (8, 3), (7, 4), (9, 1), (6, 1)], [(4, 5), (3, 7), (3, 9), (3, 8), (5, 6), (7, 8), (8, 9), (6, 7), (8, 5), (9, 6), (5, 9), (4, 6), (7, 5), (4, 9), (8, 7), (9, 8), (7, 6), (5, 8), (6, 9), (2, 8), (2, 9)], [(3, 4), (2, 3), (1, 2), (1, 5), (2, 6), (1, 8), (1, 4), (1, 7), (2, 5), (1, 3)]]"
"[(3, 4), (4, 5), (8, 9)]",474,"[(4, 2), (2, 7), (7, 5)]","[[(1, 2), (3, 4), (2, 3), (4, 2), (6, 3), (9, 2), (5, 4), (7, 1), (3, 1), (4, 3), (8, 1), (2, 1), (5, 3), (3, 2), (6, 2), (4, 1), (1, 3), (9, 1), (6, 1), (4, 5)], [(1, 4), (1, 5), (2, 5), (2, 6), (1, 8), (3, 7), (2, 8), (2, 9), (3, 9), (1, 7), (3, 8), (4, 6), (4, 9), (5, 8), (5, 9)], [(7, 3), (6, 4), (8, 3), (5, 6), (6, 7), (9, 4), (7, 4), (8, 5), (7, 5), (7, 6), (9, 6), (7, 8), (8, 9), (8, 7), (9, 8), (6, 9)]]"
"[(3, 4), (4, 5), (2, 6)]",511,"[(5, 2), (5, 7), (1, 6)]","[[(1, 2), (3, 4), (2, 3), (4, 2), (6, 3), (9, 2), (5, 4), (7, 1), (3, 1), (4, 3), (7, 3), (8, 1), (6, 4), (9, 4), (2, 1), (5, 3), (3, 2), (6, 2), (4, 1), (8, 3), (7, 4), (9, 1), (6, 1)], [(4, 5), (5, 6), (7, 8), (8, 9), (6, 7), (8, 5), (9, 6), (5, 9), (4, 6), (7, 5), (4, 9), (8, 7), (9, 8), (7, 6), (5, 8), (6, 9), (3, 7), (3, 9), (3, 8)], [(1, 3), (1, 4), (1, 5), (2, 6), (1, 8), (2, 8), (2, 9), (1, 7), (2, 5)]]"
"[(3, 4), (4, 5), (4, 2)]",485,"[(2, 5), (6, 6), (6, 1)]","[[(3, 4), (2, 3), (1, 5), (2, 6), (1, 8), (3, 7), (2, 8), (1, 4), (2, 9), (3, 9), (1, 7), (2, 5), (3, 8), (1, 3), (4, 5), (1, 2), (4, 3), (3, 2), (2, 1)], [(5, 4), (4, 6), (6, 4), (9, 4), (7, 4), (5, 6), (7, 8), (8, 9), (6, 7), (8, 5), (9, 6), (5, 9), (7, 5), (4, 9), (8, 7), (9, 8), (7, 6), (5, 8), (6, 9)], [(4, 2), (6, 3), (9, 2), (7, 1), (3, 1), (7, 3), (8, 1), (5, 3), (6, 2), (4, 1), (8, 3), (9, 1), (6, 1)]]"
"[(3, 4), (1, 5), (8, 9)]",505,"[(5, 2), (1, 5), (5, 7)]","[[(4, 2), (6, 3), (9, 2), (5, 4), (7, 1), (3, 1), (4, 3), (7, 3), (8, 1), (6, 4), (9, 4), (2, 1), (5, 3), (3, 2), (6, 2), (4, 1), (8, 3), (7, 4), (9, 1), (6, 1)], [(3, 4), (2, 3), (4, 5), (1, 2), (1, 5), (2, 6), (1, 8), (2, 8), (1, 4), (2, 9), (1, 7), (2, 5), (1, 3)], [(5, 6), (3, 7), (4, 6), (3, 9), (7, 5), (3, 8), (7, 8), (8, 9), (6, 7), (8, 5), (9, 6), (5, 9), (4, 9), (8, 7), (9, 8), (7, 6), (5, 8), (6, 9)]]"
"[(3, 4), (1, 5), (2, 6)]",507,"[(5, 2), (1, 4), (5, 7)]","[[(4, 2), (6, 3), (9, 2), (5, 4), (7, 1), (3, 1), (4, 3), (7, 3), (8, 1), (6, 4), (9, 4), (2, 1), (5, 3), (3, 2), (6, 2), (4, 1), (8, 3), (7, 4), (9, 1), (6, 1)], [(3, 4), (2, 3), (1, 2), (1, 5), (1, 8), (1, 4), (1, 7), (2, 5), (1, 3), (2, 6)], [(4, 5), (8, 5), (7, 5), (5, 6), (7, 8), (8, 9), (3, 7), (2, 8), (6, 7), (9, 6), (5, 9), (4, 6), (2, 9), (3, 9), (4, 9), (8, 7), (9, 8), (7, 6), (5, 8), (6, 9), (3, 8)]]"
"[(3, 4), (1, 5), (4, 2)]",529,"[(6, 6), (1, 5), (5, 1)]","[[(5, 6), (7, 8), (4, 5), (8, 9), (3, 7), (5, 4), (6, 7), (8, 5), (9, 6), (5, 9), (4, 6), (6, 4), (3, 9), (7, 5), (9, 4), (4, 9), (8, 7), (9, 8), (7, 6), (5, 8), (6, 9), (3, 8), (7, 4), (6, 3), (7, 3), (8, 3)], [(3, 4), (2, 3), (1, 2), (1, 5), (2, 6), (1, 8), (2, 8), (1, 4), (2, 9), (1, 7), (2, 5), (1, 3)], [(4, 2), (9, 2), (7, 1), (3, 1), (4, 3), (8, 1), (2, 1), (5, 3), (3, 2), (6, 2), (4, 1), (9, 1), (6, 1)]]"
"[(3, 4), (8, 9), (2, 6)]",511,"[(5, 2), (5, 7), (1, 6)]","[[(1, 2), (3, 4), (2, 3), (4, 2), (6, 3), (9, 2), (5, 4), (7, 1), (3, 1), (4, 3), (7, 3), (8, 1), (6, 4), (9, 4), (2, 1), (5, 3), (3, 2), (6, 2), (4, 1), (8, 3), (7, 4), (9, 1), (6, 1)], [(4, 5), (7, 5), (7, 8), (8, 9), (6, 7), (8, 5), (9, 6), (5, 9), (4, 9), (8, 7), (9, 8), (7, 6), (5, 8), (6, 9), (5, 6), (4, 6), (3, 7), (3, 9), (3, 8)], [(1, 3), (1, 4), (1, 5), (2, 6), (1, 8), (2, 8), (2, 9), (1, 7), (2, 5)]]"
"[(3, 4), (8, 9), (4, 2)]",485,"[(2, 5), (6, 6), (6, 1)]","[[(3, 4), (2, 3), (4, 5), (1, 5), (2, 6), (1, 8), (3, 7), (2, 8), (1, 4), (2, 9), (3, 9), (1, 7), (2, 5), (3, 8), (1, 3), (1, 2), (4, 3), (3, 2), (2, 1)], [(5, 4), (4, 6), (5, 6), (6, 4), (7, 5), (9, 4), (7, 4), (7, 8), (8, 9), (6, 7), (8, 5), (9, 6), (5, 9), (4, 9), (8, 7), (9, 8), (7, 6), (5, 8), (6, 9)], [(4, 2), (6, 3), (9, 2), (7, 1), (3, 1), (7, 3), (8, 1), (5, 3), (6, 2), (4, 1), (8, 3), (9, 1), (6, 1)]]"
"[(3, 4), (2, 6), (4, 2)]",463,"[(2, 2), (4, 7), (7, 2)]","[[(3, 4), (2, 3), (1, 4), (1, 3), (1, 5), (2, 5), (1, 2), (4, 2), (4, 3), (3, 2), (3, 1), (2, 1), (4, 1)], [(5, 4), (4, 5), (5, 6), (7, 8), (8, 9), (2, 6), (1, 8), (3, 7), (2, 8), (6, 7), (9, 6), (5, 9), (4, 6), (2, 9), (3, 9), (4, 9), (8, 7), (1, 7), (9, 8), (7, 6), (5, 8), (6, 9), (3, 8)], [(5, 3), (6, 4), (6, 3), (8, 5), (7, 5), (9, 4), (7, 4), (7, 3), (8, 3), (9, 2), (7, 1), (8, 1), (6, 2), (9, 1), (6, 1)]]"
"[(5, 6), (2, 3), (7, 8)]",501,"[(6, 2), (1, 3), (4, 7)]","[[(6, 3), (9, 2), (5, 4), (7, 1), (8, 5), (7, 3), (8, 1), (6, 4), (7, 5), (9, 4), (5, 3), (6, 2), (8, 3), (7, 4), (9, 1), (6, 1), (4, 3), (4, 2), (4, 1), (3, 1), (3, 2)], [(3, 4), (1, 5), (2, 5), (1, 2), (2, 3), (1, 4), (2, 1), (1, 3)], [(4, 5), (2, 6), (5, 6), (3, 7), (4, 6), (1, 7), (1, 8), (2, 8), (6, 7), (9, 6), (5, 9), (2, 9), (3, 9), (4, 9), (7, 6), (5, 8), (3, 8), (7, 8), (8, 9), (8, 7), (9, 8), (6, 9)]]"
"[(5, 6), (2, 3), (4, 5)]",547,"[(6, 4), (2, 2), (2, 7)]","[[(5, 6), (7, 8), (8, 9), (6, 3), (9, 2), (5, 4), (7, 1), (6, 7), (8, 5), (9, 6), (7, 3), (8, 1), (6, 4), (7, 5), (9, 4), (8, 7), (5, 3), (6, 2), (9, 8), (7, 6), (8, 3), (6, 9), (7, 4), (9, 1), (6, 1), (3, 4), (4, 3), (4, 5)], [(1, 2), (2, 3), (4, 2), (3, 1), (1, 4), (2, 1), (3, 2), (4, 1), (1, 3)], [(5, 9), (5, 8), (2, 6), (1, 8), (3, 7), (2, 8), (4, 6), (2, 9), (3, 9), (4, 9), (1, 7), (3, 8), (1, 5), (2, 5)]]"
"[(5, 6), (2, 3), (1, 5)]",547,"[(6, 4), (2, 2), (2, 7)]","[[(5, 6), (7, 8), (4, 5), (8, 9), (6, 3), (9, 2), (5, 4), (7, 1), (6, 7), (8, 5), (9, 6), (7, 3), (8, 1), (6, 4), (7, 5), (9, 4), (8, 7), (5, 3), (6, 2), (9, 8), (7, 6), (8, 3), (6, 9), (7, 4), (9, 1), (6, 1), (3, 4), (4, 3)], [(1, 2), (2, 3), (4, 2), (3, 1), (2, 1), (3, 2), (4, 1), (1, 3), (1, 4)], [(5, 9), (5, 8), (4, 6), (4, 9), (3, 7), (3, 9), (3, 8), (1, 5), (2, 6), (1, 8), (2, 8), (2, 9), (1, 7), (2, 5)]]"
"[(5, 6), (2, 3), (8, 9)]",501,"[(6, 2), (1, 3), (4, 7)]","[[(6, 3), (9, 2), (5, 4), (7, 1), (8, 5), (7, 3), (8, 1), (6, 4), (7, 5), (9, 4), (5, 3), (6, 2), (8, 3), (7, 4), (9, 1), (6, 1), (4, 3), (4, 2), (4, 1), (3, 1), (3, 2)], [(3, 4), (1, 5), (2, 5), (1, 2), (2, 3), (1, 4), (2, 1), (1, 3)], [(4, 5), (2, 6), (5, 6), (3, 7), (4, 6), (1, 7), (1, 8), (2, 8), (6, 7), (9, 6), (5, 9), (2, 9), (3, 9), (4, 9), (7, 6), (5, 8), (3, 8), (7, 8), (8, 9), (8, 7), (9, 8), (6, 9)]]"
"[(5, 6), (2, 3), (2, 6)]",547,"[(6, 4), (2, 2), (2, 7)]","[[(5, 6), (7, 8), (4, 5), (8, 9), (6, 3), (9, 2), (5, 4), (7, 1), (6, 7), (8, 5), (9, 6), (7, 3), (8, 1), (6, 4), (7, 5), (9, 4), (8, 7), (5, 3), (6, 2), (9, 8), (7, 6), (8, 3), (6, 9), (7, 4), (9, 1), (6, 1), (3, 4), (4, 3)], [(1, 2), (2, 3), (4, 2), (3, 1), (1, 4), (2, 1), (3, 2), (4, 1), (1, 3)], [(5, 9), (4, 6), (4, 9), (5, 8), (1, 5), (2, 6), (1, 8), (3, 7), (2, 8), (2, 9), (3, 9), (1, 7), (2, 5), (3, 8)]]"
"[(5, 6), (2, 3), (4, 2)]",572,"[(5, 6), (1, 3), (6, 1)]","[[(5, 6), (7, 8), (4, 5), (8, 9), (2, 6), (3, 7), (5, 4), (2, 8), (6, 7), (8, 5), (9, 6), (5, 9), (4, 6), (2, 9), (6, 4), (3, 9), (7, 5), (9, 4), (4, 9), (8, 7), (9, 8), (7, 6), (5, 8), (6, 9), (3, 8), (7, 4), (5, 3)], [(1, 8), (1, 7), (1, 2), (3, 4), (2, 3), (1, 5), (1, 4), (2, 1), (2, 5), (1, 3), (4, 3), (3, 2)], [(4, 2), (6, 3), (9, 2), (7, 1), (3, 1), (7, 3), (8, 1), (6, 2), (4, 1), (8, 3), (9, 1), (6, 1)]]"
"[(5, 6), (7, 8), (4, 5)]",501,"[(6, 2), (4, 7), (1, 3)]","[[(6, 3), (9, 2), (5, 4), (7, 1), (8, 5), (7, 3), (8, 1), (6, 4), (7, 5), (9, 4), (5, 3), (6, 2), (8, 3), (7, 4), (9, 1), (6, 1), (4, 3), (4, 2), (4, 1), (3, 1), (3, 2)], [(4, 5), (5, 6), (3, 7), (4, 6), (1, 7), (1, 8), (2, 8), (6, 7), (9, 6), (5, 9), (2, 9), (3, 9), (4, 9), (7, 6), (5, 8), (3, 8), (7, 8), (8, 9), (8, 7), (9, 8), (6, 9), (2, 6)], [(3, 4), (1, 5), (2, 5), (1, 2), (2, 3), (1, 4), (2, 1), (1, 3)]]"
"[(5, 6), (7, 8), (1, 5)]",470,"[(6, 2), (5, 7), (1, 4)]","[[(4, 2), (6, 3), (9, 2), (5, 4), (7, 1), (4, 3), (8, 5), (7, 3), (8, 1), (6, 4), (7, 5), (9, 4), (5, 3), (6, 2), (4, 1), (8, 3), (7, 4), (9, 1), (6, 1), (3, 1), (3, 2)], [(4, 5), (5, 6), (3, 7), (4, 6), (6, 7), (9, 6), (5, 9), (3, 9), (4, 9), (7, 6), (5, 8), (3, 8), (7, 8), (8, 9), (8, 7), (9, 8), (6, 9), (2, 8), (2, 9)], [(1, 8), (3, 4), (1, 2), (2, 3), (1, 5), (2, 6), (1, 4), (2, 1), (1, 7), (2, 5), (1, 3)]]"
"[(5, 6), (7, 8), (8, 9)]",474,"[(4, 2), (2, 7), (7, 5)]","[[(1, 2), (3, 4), (2, 3), (4, 5), (4, 2), (6, 3), (9, 2), (5, 4), (7, 1), (3, 1), (4, 3), (8, 1), (2, 1), (5, 3), (3, 2), (6, 2), (4, 1), (1, 3), (9, 1), (6, 1)], [(1, 4), (1, 5), (2, 5), (2, 6), (3, 7), (4, 6), (1, 7), (1, 8), (2, 8), (5, 9), (2, 9), (3, 9), (4, 9), (5, 8), (3, 8)], [(7, 3), (6, 4), (8, 3), (5, 6), (9, 4), (7, 4), (6, 7), (7, 5), (7, 6), (8, 5), (9, 6), (7, 8), (8, 7), (9, 8), (6, 9), (8, 9)]]"
"[(5, 6), (7, 8), (2, 6)]",470,"[(6, 2), (5, 7), (1, 4)]","[[(4, 2), (6, 3), (9, 2), (5, 4), (7, 1), (4, 3), (7, 3), (8, 1), (6, 4), (9, 4), (5, 3), (6, 2), (4, 1), (8, 3), (7, 4), (9, 1), (6, 1), (3, 1), (3, 2), (8, 5), (7, 5)], [(5, 6), (6, 7), (9, 6), (5, 9), (4, 9), (7, 6), (5, 8), (7, 8), (8, 9), (8, 7), (9, 8), (6, 9), (3, 9), (3, 8), (4, 6), (3, 7), (4, 5), (2, 8), (2, 9)], [(2, 1), (1, 2), (3, 4), (2, 3), (1, 5), (2, 6), (1, 8), (1, 4), (1, 7), (2, 5), (1, 3)]]"
"[(5, 6), (7, 8), (4, 2)]",451,"[(2, 6), (7, 6), (5, 1)]","[[(4, 5), (1, 5), (2, 6), (1, 8), (3, 7), (2, 8), (4, 6), (2, 9), (3, 9), (4, 9), (1, 7), (2, 5), (3, 8), (3, 4), (1, 4), (2, 3), (1, 3), (1, 2)], [(5, 6), (6, 4), (6, 7), (8, 5), (9, 6), (5, 9), (7, 5), (9, 4), (7, 6), (5, 8), (7, 4), (7, 8), (8, 9), (8, 7), (9, 8), (6, 9), (7, 3), (8, 3)], [(5, 4), (4, 2), (6, 3), (9, 2), (7, 1), (3, 1), (4, 3), (8, 1), (2, 1), (5, 3), (3, 2), (6, 2), (4, 1), (9, 1), (6, 1)]]"
"[(5, 6), (4, 5), (1, 5)]",547,"[(6, 4), (2, 2), (2, 7)]","[[(5, 6), (7, 8), (8, 9), (6, 3), (9, 2), (5, 4), (7, 1), (6, 7), (8, 5), (9, 6), (7, 3), (8, 1), (6, 4), (7, 5), (9, 4), (8, 7), (5, 3), (6, 2), (9, 8), (7, 6), (8, 3), (6, 9), (7, 4), (9, 1), (6, 1), (4, 5), (3, 4), (4, 3)], [(4, 2), (3, 1), (3, 2), (4, 1), (1, 2), (2, 3), (2, 1), (1, 3), (1, 4)], [(5, 9), (5, 8), (4, 6), (4, 9), (3, 7), (3, 9), (3, 8), (1, 5), (2, 6), (1, 8), (2, 8), (2, 9), (1, 7), (2, 5)]]"
"[(5, 6), (4, 5), (8, 9)]",501,"[(6, 2), (1, 3), (4, 7)]","[[(6, 3), (9, 2), (5, 4), (7, 1), (8, 5), (7, 3), (8, 1), (6, 4), (7, 5), (9, 4), (5, 3), (6, 2), (8, 3), (7, 4), (9, 1), (6, 1), (4, 3), (4, 2), (4, 1), (3, 1), (3, 2)], [(3, 4), (1, 5), (2, 5), (1, 2), (2, 3), (1, 4), (2, 1), (1, 3)], [(4, 5), (2, 6), (5, 6), (3, 7), (4, 6), (1, 7), (1, 8), (2, 8), (6, 7), (9, 6), (5, 9), (2, 9), (3, 9), (4, 9), (7, 6), (5, 8), (3, 8), (7, 8), (8, 9), (8, 7), (9, 8), (6, 9)]]"
"[(5, 6), (4, 5), (2, 6)]",547,"[(6, 4), (2, 2), (2, 7)]","[[(5, 6), (7, 8), (8, 9), (6, 3), (9, 2), (5, 4), (7, 1), (6, 7), (8, 5), (9, 6), (7, 3), (8, 1), (6, 4), (7, 5), (9, 4), (8, 7), (5, 3), (6, 2), (9, 8), (7, 6), (8, 3), (6, 9), (7, 4), (9, 1), (6, 1), (4, 5), (3, 4), (4, 3)], [(4, 2), (3, 1), (3, 2), (4, 1), (1, 2), (2, 3), (2, 1), (1, 3), (1, 4)], [(5, 9), (5, 8), (4, 6), (4, 9), (1, 5), (2, 6), (1, 8), (3, 7), (2, 8), (2, 9), (3, 9), (1, 7), (2, 5), (3, 8)]]"
"[(5, 6), (4, 5), (4, 2)]",529,"[(6, 6), (1, 5), (5, 1)]","[[(5, 6), (7, 8), (8, 9), (3, 7), (5, 4), (6, 7), (8, 5), (9, 6), (5, 9), (4, 6), (6, 4), (3, 9), (7, 5), (9, 4), (4, 9), (8, 7), (9, 8), (7, 6), (5, 8), (6, 9), (3, 8), (7, 4), (4, 5), (6, 3), (7, 3), (8, 3)], [(2, 6), (1, 8), (2, 8), (2, 9), (1, 7), (3, 4), (1, 5), (1, 4), (2, 5), (1, 2), (2, 3), (1, 3)], [(2, 1), (4, 2), (9, 2), (7, 1), (3, 1), (4, 3), (8, 1), (5, 3), (3, 2), (6, 2), (4, 1), (9, 1), (6, 1)]]"
"[(5, 6), (1, 5), (8, 9)]",505,"[(5, 2), (1, 5), (5, 7)]","[[(4, 2), (6, 3), (9, 2), (5, 4), (7, 1), (4, 3), (7, 3), (8, 1), (6, 4), (9, 4), (5, 3), (6, 2), (4, 1), (8, 3), (7, 4), (9, 1), (6, 1), (3, 1), (3, 2), (2, 1)], [(4, 5), (3, 4), (2, 3), (1, 2), (1, 5), (2, 6), (1, 8), (2, 8), (1, 4), (2, 9), (1, 7), (2, 5), (1, 3)], [(5, 6), (3, 7), (8, 5), (4, 6), (7, 5), (6, 7), (9, 6), (5, 9), (3, 9), (4, 9), (7, 6), (5, 8), (3, 8), (7, 8), (8, 9), (8, 7), (9, 8), (6, 9)]]"
"[(5, 6), (1, 5), (2, 6)]",547,"[(6, 4), (2, 2), (2, 7)]","[[(5, 6), (7, 8), (4, 5), (8, 9), (6, 3), (9, 2), (5, 4), (7, 1), (6, 7), (4, 3), (8, 5), (9, 6), (7, 3), (8, 1), (6, 4), (7, 5), (9, 4), (8, 7), (5, 3), (6, 2), (9, 8), (7, 6), (8, 3), (6, 9), (7, 4), (9, 1), (6, 1), (3, 4)], [(4, 2), (4, 1), (1, 2), (2, 3), (3, 1), (1, 4), (2, 1), (3, 2), (1, 3)], [(1, 5), (5, 9), (4, 6), (4, 9), (5, 8), (1, 8), (1, 7), (2, 5), (2, 6), (3, 7), (2, 8), (2, 9), (3, 9), (3, 8)]]"
"[(5, 6), (1, 5), (4, 2)]",529,"[(6, 6), (1, 5), (5, 1)]","[[(5, 6), (7, 8), (4, 5), (8, 9), (3, 7), (5, 4), (6, 7), (8, 5), (9, 6), (5, 9), (4, 6), (6, 4), (3, 9), (7, 5), (9, 4), (4, 9), (8, 7), (9, 8), (7, 6), (5, 8), (6, 9), (3, 8), (7, 4), (6, 3), (7, 3), (8, 3)], [(1, 2), (3, 4), (2, 3), (1, 5), (2, 6), (1, 8), (2, 8), (1, 4), (2, 9), (1, 7), (2, 5), (1, 3)], [(4, 2), (9, 2), (7, 1), (3, 1), (4, 3), (8, 1), (2, 1), (5, 3), (3, 2), (6, 2), (4, 1), (9, 1), (6, 1)]]"
"[(5, 6), (8, 9), (2, 6)]",470,"[(6, 2), (5, 7), (1, 4)]","[[(4, 2), (6, 3), (9, 2), (5, 4), (7, 1), (4, 3), (7, 3), (8, 1), (6, 4), (9, 4), (5, 3), (6, 2), (4, 1), (8, 3), (7, 4), (9, 1), (6, 1), (3, 1), (3, 2), (8, 5), (7, 5)], [(5, 6), (6, 7), (9, 6), (5, 9), (4, 9), (7, 6), (5, 8), (7, 8), (8, 9), (8, 7), (9, 8), (6, 9), (3, 9), (3, 8), (4, 6), (3, 7), (4, 5), (2, 8), (2, 9)], [(2, 1), (1, 2), (3, 4), (2, 3), (1, 5), (2, 6), (1, 8), (1, 4), (1, 7), (2, 5), (1, 3)]]"
"[(5, 6), (8, 9), (4, 2)]",451,"[(2, 6), (7, 6), (5, 1)]","[[(4, 5), (1, 5), (2, 6), (1, 8), (3, 7), (2, 8), (4, 6), (2, 9), (3, 9), (4, 9), (1, 7), (2, 5), (3, 8), (3, 4), (1, 4), (2, 3), (1, 3), (1, 2)], [(5, 6), (6, 4), (6, 7), (8, 5), (9, 6), (5, 9), (7, 5), (9, 4), (7, 6), (5, 8), (7, 4), (7, 8), (8, 9), (8, 7), (9, 8), (6, 9), (7, 3), (8, 3)], [(5, 4), (4, 2), (6, 3), (9, 2), (7, 1), (3, 1), (4, 3), (8, 1), (2, 1), (5, 3), (3, 2), (6, 2), (4, 1), (9, 1), (6, 1)]]"
"[(5, 6), (2, 6), (4, 2)]",529,"[(6, 6), (1, 5), (5, 1)]","[[(5, 6), (7, 8), (4, 5), (8, 9), (5, 4), (6, 7), (8, 5), (9, 6), (5, 9), (4, 6), (6, 4), (7, 5), (9, 4), (4, 9), (8, 7), (9, 8), (7, 6), (5, 8), (6, 9), (7, 4), (6, 3), (7, 3), (8, 3), (3, 7), (3, 9), (3, 8)], [(3, 4), (2, 3), (1, 5), (2, 6), (1, 8), (2, 8), (1, 4), (2, 9), (1, 7), (2, 5), (1, 3), (1, 2)], [(4, 2), (9, 2), (7, 1), (3, 1), (4, 3), (8, 1), (2, 1), (5, 3), (3, 2), (6, 2), (4, 1), (9, 1), (6, 1)]]"
"[(2, 3), (7, 8), (4, 5)]",501,"[(6, 2), (4, 7), (1, 3)]","[[(4, 2), (6, 3), (9, 2), (7, 1), (3, 1), (4, 3), (7, 3), (8, 1), (5, 3), (3, 2), (6, 2), (4, 1), (8, 3), (9, 1), (6, 1), (9, 4), (7, 4), (6, 4), (5, 4), (8, 5), (7, 5)], [(1, 8), (2, 8), (2, 9), (1, 7), (7, 8), (8, 9), (6, 7), (9, 6), (5, 9), (3, 9), (4, 9), (8, 7), (9, 8), (7, 6), (5, 8), (6, 9), (3, 8), (5, 6), (3, 7), (4, 6), (4, 5), (2, 6)], [(1, 2), (2, 3), (2, 1), (1, 3), (3, 4), (1, 4), (1, 5), (2, 5)]]"
"[(2, 3), (7, 8), (1, 5)]",493,"[(5, 2), (6, 6), (1, 6)]","[[(1, 2), (3, 4), (2, 3), (4, 2), (6, 3), (9, 2), (5, 4), (7, 1), (3, 1), (4, 3), (7, 3), (8, 1), (2, 1), (5, 3), (3, 2), (6, 2), (4, 1), (8, 3), (9, 1), (6, 1)], [(4, 5), (6, 4), (5, 6), (7, 8), (8, 9), (6, 7), (8, 5), (9, 6), (5, 9), (7, 5), (9, 4), (4, 9), (8, 7), (9, 8), (7, 6), (5, 8), (6, 9), (7, 4), (4, 6)], [(1, 3), (3, 9), (3, 8), (1, 5), (2, 6), (1, 8), (3, 7), (2, 8), (1, 4), (2, 9), (1, 7), (2, 5)]]"
"[(2, 3), (7, 8), (8, 9)]",541,"[(4, 2), (5, 5), (4, 8)]","[[(1, 2), (3, 4), (2, 3), (4, 2), (6, 3), (9, 2), (7, 1), (3, 1), (4, 3), (1, 4), (7, 3), (8, 1), (2, 1), (5, 3), (3, 2), (6, 2), (4, 1), (8, 3), (1, 3), (9, 1), (6, 1)], [(4, 5), (1, 5), (5, 4), (2, 5), (2, 6), (4, 6), (6, 4), (5, 6), (6, 7), (8, 5), (9, 6), (7, 5), (9, 4), (7, 6), (7, 4), (8, 7)], [(3, 7), (1, 7), (1, 8), (2, 8), (5, 8), (3, 8), (2, 9), (7, 8), (5, 9), (3, 9), (4, 9), (9, 8), (6, 9), (8, 9)]]"
"[(2, 3), (7, 8), (2, 6)]",485,"[(4, 2), (6, 6), (2, 7)]","[[(1, 2), (3, 4), (2, 3), (4, 2), (6, 3), (9, 2), (5, 4), (7, 1), (3, 1), (4, 3), (8, 1), (2, 1), (5, 3), (3, 2), (6, 2), (4, 1), (1, 3), (9, 1), (6, 1), (4, 5), (7, 3), (8, 3)], [(6, 4), (7, 8), (8, 9), (6, 7), (8, 5), (9, 6), (5, 9), (7, 5), (9, 4), (8, 7), (9, 8), (7, 6), (5, 8), (6, 9), (7, 4), (5, 6), (4, 6)], [(1, 4), (4, 9), (1, 5), (2, 6), (1, 8), (3, 7), (2, 8), (2, 9), (3, 9), (1, 7), (2, 5), (3, 8)]]"
"[(2, 3), (7, 8), (4, 2)]",480,"[(2, 5), (6, 6), (5, 2)]","[[(1, 2), (3, 4), (2, 3), (1, 5), (2, 6), (1, 8), (2, 8), (1, 4), (2, 9), (1, 7), (2, 5), (1, 3), (4, 5), (3, 7), (3, 9), (3, 8), (2, 1)], [(5, 6), (7, 8), (8, 9), (6, 7), (8, 5), (9, 6), (5, 9), (7, 5), (9, 4), (4, 9), (8, 7), (9, 8), (7, 6), (5, 8), (6, 9), (7, 4), (4, 6), (6, 4)], [(4, 2), (6, 3), (9, 2), (5, 4), (7, 1), (3, 1), (4, 3), (7, 3), (8, 1), (5, 3), (3, 2), (6, 2), (4, 1), (8, 3), (9, 1), (6, 1)]]"
"[(2, 3), (4, 5), (1, 5)]",493,"[(5, 2), (6, 6), (1, 6)]","[[(1, 2), (3, 4), (2, 3), (4, 2), (6, 3), (9, 2), (7, 1), (3, 1), (4, 3), (7, 3), (8, 1), (2, 1), (5, 3), (3, 2), (6, 2), (4, 1), (8, 3), (9, 1), (6, 1), (5, 4)], [(4, 5), (5, 6), (7, 8), (8, 9), (6, 7), (8, 5), (9, 6), (5, 9), (4, 6), (6, 4), (7, 5), (9, 4), (4, 9), (8, 7), (9, 8), (7, 6), (5, 8), (6, 9), (7, 4)], [(1, 3), (3, 7), (3, 9), (3, 8), (1, 5), (2, 6), (1, 8), (2, 8), (1, 4), (2, 9), (1, 7), (2, 5)]]"
"[(2, 3), (4, 5), (8, 9)]",474,"[(4, 2), (2, 7), (7, 5)]","[[(1, 2), (3, 4), (2, 3), (4, 2), (6, 3), (9, 2), (7, 1), (3, 1), (4, 3), (8, 1), (2, 1), (5, 3), (3, 2), (6, 2), (4, 1), (1, 3), (9, 1), (6, 1), (5, 4), (4, 5)], [(1, 4), (1, 5), (2, 5), (2, 6), (1, 8), (2, 8), (2, 9), (1, 7), (3, 7), (4, 6), (3, 9), (4, 9), (3, 8), (5, 8), (5, 9)], [(7, 3), (8, 3), (6, 4), (5, 6), (6, 7), (8, 5), (7, 5), (9, 4), (7, 6), (7, 4), (9, 6), (7, 8), (8, 9), (8, 7), (9, 8), (6, 9)]]"
"[(2, 3), (4, 5), (2, 6)]",485,"[(4, 2), (6, 6), (2, 7)]","[[(1, 2), (3, 4), (2, 3), (4, 2), (6, 3), (9, 2), (7, 1), (3, 1), (4, 3), (7, 3), (8, 1), (2, 1), (5, 3), (3, 2), (6, 2), (4, 1), (8, 3), (1, 3), (9, 1), (6, 1), (4, 5), (5, 4)], [(5, 6), (7, 8), (8, 9), (6, 7), (8, 5), (9, 6), (5, 9), (4, 6), (6, 4), (7, 5), (9, 4), (8, 7), (9, 8), (7, 6), (5, 8), (6, 9), (7, 4)], [(1, 4), (4, 9), (1, 5), (2, 6), (1, 8), (3, 7), (2, 8), (2, 9), (3, 9), (1, 7), (2, 5), (3, 8)]]"
"[(2, 3), (4, 5), (4, 2)]",495,"[(2, 5), (6, 6), (5, 1)]","[[(1, 2), (3, 4), (2, 3), (1, 5), (2, 6), (1, 8), (2, 8), (1, 4), (2, 9), (1, 7), (2, 5), (1, 3), (4, 5), (3, 7), (3, 9), (3, 8)], [(5, 6), (7, 8), (8, 9), (5, 4), (6, 7), (8, 5), (9, 6), (5, 9), (4, 6), (6, 4), (7, 5), (9, 4), (4, 9), (8, 7), (9, 8), (7, 6), (5, 8), (6, 9), (7, 4), (6, 3), (7, 3), (8, 3)], [(2, 1), (4, 2), (9, 2), (7, 1), (3, 1), (4, 3), (8, 1), (5, 3), (3, 2), (6, 2), (4, 1), (9, 1), (6, 1)]]"
"[(2, 3), (1, 5), (8, 9)]",458,"[(5, 2), (2, 6), (6, 7)]","[[(1, 2), (4, 2), (6, 3), (9, 2), (5, 4), (7, 1), (3, 1), (4, 3), (7, 3), (8, 1), (6, 4), (2, 1), (5, 3), (3, 2), (6, 2), (4, 1), (8, 3), (7, 4), (9, 1), (6, 1), (9, 4)], [(3, 4), (2, 3), (1, 3), (4, 5), (1, 5), (2, 6), (1, 8), (3, 7), (2, 8), (1, 4), (4, 6), (2, 9), (1, 7), (2, 5), (3, 8), (3, 9)], [(5, 6), (7, 8), (8, 9), (6, 7), (8, 5), (9, 6), (5, 9), (7, 5), (4, 9), (8, 7), (9, 8), (7, 6), (5, 8), (6, 9)]]"
"[(2, 3), (1, 5), (2, 6)]",458,"[(5, 2), (2, 6), (6, 7)]","[[(1, 2), (4, 2), (6, 3), (9, 2), (5, 4), (7, 1), (3, 1), (4, 3), (7, 3), (8, 1), (6, 4), (9, 4), (2, 1), (5, 3), (3, 2), (6, 2), (4, 1), (8, 3), (7, 4), (9, 1), (6, 1)], [(3, 4), (2, 3), (1, 3), (4, 5), (1, 5), (1, 8), (1, 4), (1, 7), (2, 5), (2, 6), (3, 7), (2, 8), (4, 6), (2, 9), (3, 9), (3, 8)], [(8, 5), (7, 5), (5, 6), (7, 8), (8, 9), (6, 7), (9, 6), (5, 9), (4, 9), (8, 7), (9, 8), (7, 6), (5, 8), (6, 9)]]"
"[(2, 3), (1, 5), (4, 2)]",480,"[(2, 3), (4, 7), (6, 2)]","[[(1, 2), (3, 4), (2, 3), (2, 1), (1, 3), (1, 5), (1, 4), (2, 5), (3, 1), (3, 2), (4, 3), (2, 6)], [(5, 6), (7, 8), (4, 5), (8, 9), (1, 8), (3, 7), (2, 8), (6, 7), (9, 6), (5, 9), (4, 6), (2, 9), (3, 9), (4, 9), (8, 7), (1, 7), (9, 8), (7, 6), (5, 8), (6, 9), (3, 8)], [(8, 5), (7, 5), (4, 2), (6, 3), (9, 2), (5, 4), (7, 1), (7, 3), (8, 1), (6, 4), (9, 4), (5, 3), (6, 2), (4, 1), (8, 3), (7, 4), (9, 1), (6, 1)]]"
"[(2, 3), (8, 9), (2, 6)]",493,"[(5, 2), (6, 6), (1, 6)]","[[(1, 2), (3, 4), (2, 3), (4, 2), (6, 3), (9, 2), (5, 4), (7, 1), (3, 1), (4, 3), (7, 3), (8, 1), (2, 1), (5, 3), (3, 2), (6, 2), (4, 1), (8, 3), (9, 1), (6, 1)], [(4, 5), (6, 4), (7, 4), (7, 8), (8, 9), (6, 7), (8, 5), (9, 6), (5, 9), (7, 5), (9, 4), (4, 9), (8, 7), (9, 8), (7, 6), (5, 8), (6, 9), (5, 6), (4, 6)], [(1, 3), (1, 4), (1, 5), (2, 6), (1, 8), (3, 7), (2, 8), (2, 9), (3, 9), (1, 7), (2, 5), (3, 8)]]"
"[(2, 3), (8, 9), (4, 2)]",480,"[(2, 5), (6, 6), (5, 2)]","[[(1, 2), (3, 4), (2, 3), (1, 5), (2, 6), (1, 8), (2, 8), (1, 4), (2, 9), (1, 7), (2, 5), (1, 3), (4, 5), (3, 7), (3, 8), (3, 9), (2, 1)], [(7, 8), (8, 9), (6, 7), (8, 5), (9, 6), (5, 9), (7, 5), (9, 4), (4, 9), (8, 7), (9, 8), (7, 6), (5, 8), (6, 9), (5, 6), (4, 6), (6, 4), (7, 4)], [(4, 2), (6, 3), (9, 2), (5, 4), (7, 1), (3, 1), (4, 3), (7, 3), (8, 1), (5, 3), (3, 2), (6, 2), (4, 1), (8, 3), (9, 1), (6, 1)]]"
"[(2, 3), (2, 6), (4, 2)]",480,"[(2, 3), (4, 7), (6, 2)]","[[(1, 2), (3, 4), (2, 3), (1, 4), (2, 1), (1, 3), (1, 5), (2, 5), (3, 1), (3, 2), (4, 3), (2, 6)], [(5, 6), (7, 8), (4, 5), (8, 9), (1, 8), (3, 7), (2, 8), (6, 7), (9, 6), (5, 9), (4, 6), (2, 9), (3, 9), (4, 9), (8, 7), (1, 7), (9, 8), (7, 6), (5, 8), (6, 9), (3, 8)], [(8, 5), (7, 5), (4, 2), (6, 3), (9, 2), (5, 4), (7, 1), (7, 3), (8, 1), (6, 4), (9, 4), (5, 3), (6, 2), (4, 1), (8, 3), (7, 4), (9, 1), (6, 1)]]"
"[(7, 8), (4, 5), (1, 5)]",547,"[(6, 4), (2, 2), (2, 7)]","[[(7, 8), (8, 9), (9, 2), (7, 1), (6, 7), (8, 5), (9, 6), (7, 3), (8, 1), (7, 5), (9, 4), (8, 7), (9, 8), (7, 6), (8, 3), (6, 9), (7, 4), (9, 1), (5, 6), (4, 5), (6, 3), (5, 4), (6, 4), (6, 2), (6, 1), (5, 3), (3, 4), (4, 3)], [(4, 2), (3, 1), (3, 2), (4, 1), (2, 3), (2, 1), (1, 2), (1, 3), (1, 4)], [(5, 9), (5, 8), (4, 9), (4, 6), (3, 9), (3, 8), (3, 7), (1, 5), (2, 6), (1, 8), (2, 8), (2, 9), (1, 7), (2, 5)]]"
"[(7, 8), (4, 5), (8, 9)]",490,"[(6, 3), (1, 3), (4, 7)]","[[(9, 2), (7, 1), (8, 5), (9, 6), (7, 3), (8, 1), (7, 5), (9, 4), (7, 6), (8, 3), (7, 4), (9, 1), (6, 3), (5, 4), (6, 4), (6, 2), (6, 1), (4, 2), (4, 3), (5, 3), (4, 1)], [(1, 2), (3, 4), (2, 3), (1, 5), (3, 1), (1, 4), (2, 1), (3, 2), (2, 5), (1, 3)], [(2, 6), (4, 5), (1, 7), (6, 7), (5, 8), (5, 6), (4, 6), (1, 8), (2, 8), (3, 8), (3, 7), (7, 8), (5, 9), (2, 9), (3, 9), (4, 9), (8, 7), (9, 8), (6, 9), (8, 9)]]"
"[(7, 8), (4, 5), (2, 6)]",547,"[(6, 4), (2, 2), (2, 7)]","[[(7, 8), (8, 9), (9, 2), (7, 1), (6, 7), (8, 5), (9, 6), (7, 3), (8, 1), (7, 5), (9, 4), (8, 7), (9, 8), (7, 6), (8, 3), (6, 9), (7, 4), (9, 1), (5, 6), (6, 4), (4, 5), (6, 3), (5, 4), (6, 2), (6, 1), (3, 4), (4, 3), (5, 3)], [(4, 2), (3, 1), (3, 2), (4, 1), (2, 3), (2, 1), (1, 2), (1, 3), (1, 4)], [(5, 9), (5, 8), (4, 9), (4, 6), (1, 5), (2, 6), (1, 8), (3, 7), (2, 8), (2, 9), (3, 9), (1, 7), (2, 5), (3, 8)]]"
"[(7, 8), (4, 5), (4, 2)]",480,"[(4, 7), (2, 3), (6, 2)]","[[(7, 8), (8, 9), (1, 8), (2, 8), (6, 7), (9, 6), (5, 9), (2, 9), (3, 9), (4, 9), (8, 7), (9, 8), (7, 6), (5, 8), (6, 9), (3, 8), (5, 6), (3, 7), (4, 6), (1, 7), (4, 5), (2, 6)], [(3, 4), (1, 5), (1, 4), (2, 5), (2, 3), (1, 3), (1, 2), (2, 1), (3, 1), (4, 3), (3, 2)], [(8, 5), (7, 5), (5, 4), (9, 4), (7, 4), (6, 4), (4, 2), (6, 3), (9, 2), (7, 1), (7, 3), (8, 1), (5, 3), (6, 2), (4, 1), (8, 3), (9, 1), (6, 1)]]"
"[(7, 8), (1, 5), (8, 9)]",477,"[(6, 2), (1, 5), (5, 7)]","[[(6, 3), (9, 2), (7, 1), (7, 3), (8, 1), (6, 4), (9, 4), (6, 2), (8, 3), (7, 4), (9, 1), (6, 1), (5, 4), (5, 3), (4, 2), (4, 3), (4, 1), (3, 1), (3, 2), (2, 1), (8, 5), (7, 5)], [(4, 5), (1, 2), (3, 4), (2, 3), (1, 5), (2, 6), (1, 8), (2, 8), (1, 4), (2, 9), (1, 7), (2, 5), (1, 3)], [(4, 6), (3, 7), (5, 6), (6, 7), (9, 6), (7, 6), (5, 8), (3, 8), (7, 8), (5, 9), (3, 9), (4, 9), (8, 7), (9, 8), (6, 9), (8, 9)]]"
"[(7, 8), (1, 5), (2, 6)]",487,"[(7, 4), (2, 2), (2, 7)]","[[(7, 8), (8, 9), (6, 3), (9, 2), (7, 1), (6, 7), (8, 5), (9, 6), (7, 3), (8, 1), (6, 4), (7, 5), (9, 4), (8, 7), (6, 2), (9, 8), (7, 6), (8, 3), (6, 9), (7, 4), (9, 1), (6, 1), (4, 5), (5, 4), (5, 6), (5, 3)], [(1, 2), (3, 4), (2, 3), (4, 2), (3, 1), (4, 3), (1, 4), (2, 1), (3, 2), (4, 1), (1, 3)], [(1, 5), (2, 5), (5, 9), (4, 9), (5, 8), (1, 8), (1, 7), (2, 6), (3, 7), (2, 8), (4, 6), (2, 9), (3, 9), (3, 8)]]"
"[(7, 8), (1, 5), (4, 2)]",514,"[(6, 6), (1, 5), (5, 2)]","[[(5, 6), (7, 8), (8, 9), (6, 7), (8, 5), (9, 6), (5, 9), (3, 9), (7, 5), (9, 4), (4, 9), (8, 7), (9, 8), (7, 6), (5, 8), (6, 9), (3, 8), (7, 4), (3, 7), (4, 6), (6, 4), (4, 5)], [(1, 2), (3, 4), (2, 3), (1, 5), (2, 6), (1, 8), (2, 8), (1, 4), (2, 9), (1, 7), (2, 5), (1, 3)], [(2, 1), (4, 2), (6, 3), (9, 2), (5, 4), (7, 1), (3, 1), (4, 3), (7, 3), (8, 1), (5, 3), (3, 2), (6, 2), (4, 1), (8, 3), (9, 1), (6, 1)]]"
"[(7, 8), (8, 9), (2, 6)]",490,"[(6, 3), (4, 7), (1, 3)]","[[(6, 3), (9, 2), (7, 1), (8, 5), (9, 6), (7, 3), (8, 1), (6, 4), (7, 5), (9, 4), (6, 2), (7, 6), (8, 3), (7, 4), (9, 1), (6, 1), (5, 4), (5, 3), (4, 2), (4, 3), (4, 1)], [(6, 7), (5, 6), (7, 8), (5, 9), (4, 9), (8, 7), (9, 8), (5, 8), (6, 9), (8, 9), (3, 9), (1, 8), (3, 7), (2, 8), (4, 6), (2, 9), (3, 8), (4, 5), (2, 6), (1, 7)], [(1, 2), (3, 4), (2, 3), (1, 5), (3, 1), (1, 4), (2, 1), (3, 2), (2, 5), (1, 3)]]"
"[(7, 8), (8, 9), (4, 2)]",451,"[(2, 6), (7, 6), (5, 1)]","[[(1, 8), (3, 7), (2, 8), (2, 9), (3, 9), (4, 9), (1, 7), (3, 8), (4, 5), (1, 5), (2, 6), (4, 6), (2, 5), (3, 4), (1, 4), (2, 3), (1, 3), (1, 2)], [(5, 6), (5, 9), (5, 8), (6, 7), (7, 5), (7, 6), (7, 4), (7, 8), (8, 5), (9, 6), (9, 4), (8, 7), (9, 8), (6, 9), (8, 9), (8, 3), (6, 4), (7, 3)], [(5, 4), (4, 2), (6, 3), (9, 2), (7, 1), (3, 1), (4, 3), (8, 1), (2, 1), (5, 3), (3, 2), (6, 2), (4, 1), (9, 1), (6, 1)]]"
"[(7, 8), (2, 6), (4, 2)]",451,"[(7, 6), (2, 6), (5, 1)]","[[(7, 8), (8, 9), (6, 7), (8, 5), (9, 6), (5, 9), (7, 5), (9, 4), (8, 7), (9, 8), (7, 6), (5, 8), (6, 9), (7, 4), (5, 6), (7, 3), (6, 4), (8, 3)], [(4, 9), (3, 4), (2, 3), (4, 5), (1, 5), (2, 6), (1, 8), (3, 7), (2, 8), (1, 4), (4, 6), (2, 9), (3, 9), (1, 7), (2, 5), (3, 8), (1, 3), (1, 2)], [(4, 2), (6, 3), (9, 2), (5, 4), (7, 1), (3, 1), (4, 3), (8, 1), (2, 1), (5, 3), (3, 2), (6, 2), (4, 1), (9, 1), (6, 1)]]"
"[(4, 5), (1, 5), (8, 9)]",505,"[(5, 2), (1, 5), (5, 7)]","[[(4, 2), (6, 3), (9, 2), (5, 4), (7, 1), (3, 1), (4, 3), (7, 3), (8, 1), (6, 4), (9, 4), (5, 3), (3, 2), (6, 2), (4, 1), (8, 3), (7, 4), (9, 1), (6, 1), (2, 1)], [(3, 4), (4, 5), (2, 3), (1, 2), (1, 5), (2, 6), (1, 8), (2, 8), (1, 4), (2, 9), (1, 7), (2, 5), (1, 3)], [(5, 6), (8, 5), (4, 6), (7, 5), (3, 7), (6, 7), (3, 9), (4, 9), (7, 6), (5, 8), (3, 8), (7, 8), (8, 9), (9, 6), (5, 9), (8, 7), (9, 8), (6, 9)]]"
"[(4, 5), (1, 5), (2, 6)]",547,"[(6, 4), (2, 2), (2, 7)]","[[(5, 6), (7, 8), (4, 5), (8, 9), (6, 3), (9, 2), (5, 4), (7, 1), (6, 7), (4, 3), (8, 5), (9, 6), (7, 3), (8, 1), (6, 4), (7, 5), (9, 4), (8, 7), (5, 3), (6, 2), (9, 8), (7, 6), (8, 3), (6, 9), (7, 4), (9, 1), (6, 1), (3, 4)], [(4, 2), (4, 1), (3, 1), (3, 2), (1, 2), (2, 3), (1, 4), (2, 1), (1, 3)], [(1, 5), (2, 5), (5, 9), (4, 6), (4, 9), (5, 8), (1, 8), (1, 7), (2, 6), (3, 7), (2, 8), (2, 9), (3, 9), (3, 8)]]"
"[(4, 5), (1, 5), (4, 2)]",529,"[(6, 6), (1, 5), (5, 1)]","[[(5, 6), (7, 8), (4, 5), (8, 9), (3, 7), (5, 4), (6, 7), (8, 5), (9, 6), (5, 9), (4, 6), (6, 4), (3, 9), (7, 5), (9, 4), (4, 9), (8, 7), (9, 8), (7, 6), (5, 8), (6, 9), (3, 8), (7, 4), (6, 3), (7, 3), (8, 3)], [(3, 4), (1, 2), (2, 3), (1, 5), (2, 6), (1, 8), (2, 8), (1, 4), (2, 9), (1, 7), (2, 5), (1, 3)], [(4, 2), (9, 2), (7, 1), (3, 1), (4, 3), (8, 1), (2, 1), (5, 3), (3, 2), (6, 2), (4, 1), (9, 1), (6, 1)]]"
"[(4, 5), (8, 9), (2, 6)]",507,"[(5, 2), (5, 7), (1, 4)]","[[(4, 2), (6, 3), (9, 2), (5, 4), (7, 1), (3, 1), (4, 3), (7, 3), (8, 1), (6, 4), (9, 4), (5, 3), (3, 2), (6, 2), (4, 1), (8, 3), (7, 4), (9, 1), (6, 1), (2, 1)], [(5, 6), (4, 6), (6, 7), (8, 5), (7, 5), (4, 9), (7, 6), (5, 8), (7, 8), (8, 9), (9, 6), (5, 9), (8, 7), (9, 8), (6, 9), (3, 9), (3, 8), (3, 7), (4, 5), (2, 8), (2, 9)], [(3, 4), (2, 3), (1, 2), (1, 5), (2, 6), (1, 8), (1, 4), (1, 7), (2, 5), (1, 3)]]"
"[(4, 5), (8, 9), (4, 2)]",451,"[(2, 6), (7, 6), (5, 1)]","[[(3, 4), (4, 5), (1, 5), (2, 6), (1, 8), (3, 7), (2, 8), (1, 4), (4, 6), (2, 9), (3, 9), (4, 9), (1, 7), (2, 5), (3, 8), (2, 3), (1, 3), (1, 2)], [(5, 6), (6, 7), (8, 5), (7, 5), (9, 4), (7, 6), (5, 8), (7, 4), (7, 8), (8, 9), (9, 6), (5, 9), (8, 7), (9, 8), (6, 9), (6, 4), (7, 3), (8, 3)], [(5, 4), (4, 2), (6, 3), (9, 2), (7, 1), (3, 1), (4, 3), (8, 1), (2, 1), (5, 3), (3, 2), (6, 2), (4, 1), (9, 1), (6, 1)]]"
"[(4, 5), (2, 6), (4, 2)]",529,"[(6, 6), (1, 5), (5, 1)]","[[(5, 6), (7, 8), (4, 5), (8, 9), (5, 4), (6, 7), (8, 5), (9, 6), (5, 9), (4, 6), (6, 4), (7, 5), (9, 4), (4, 9), (8, 7), (9, 8), (7, 6), (5, 8), (6, 9), (7, 4), (6, 3), (7, 3), (8, 3), (3, 7), (3, 9), (3, 8)], [(3, 4), (2, 3), (1, 5), (2, 6), (1, 8), (2, 8), (1, 4), (2, 9), (1, 7), (2, 5), (1, 3), (1, 2)], [(4, 2), (9, 2), (7, 1), (3, 1), (4, 3), (8, 1), (2, 1), (5, 3), (3, 2), (6, 2), (4, 1), (9, 1), (6, 1)]]"
"[(1, 5), (8, 9), (2, 6)]",486,"[(3, 2), (7, 4), (2, 7)]","[[(1, 2), (3, 4), (2, 3), (4, 5), (4, 2), (3, 1), (4, 3), (1, 4), (2, 1), (5, 3), (3, 2), (6, 2), (4, 1), (1, 3), (6, 1)], [(6, 3), (5, 4), (6, 4), (7, 8), (8, 9), (9, 2), (7, 1), (6, 7), (8, 5), (9, 6), (7, 3), (8, 1), (7, 5), (9, 4), (8, 7), (9, 8), (7, 6), (8, 3), (6, 9), (7, 4), (9, 1), (5, 6)], [(1, 5), (2, 5), (1, 8), (1, 7), (5, 9), (4, 9), (5, 8), (2, 6), (3, 7), (2, 8), (4, 6), (2, 9), (3, 9), (3, 8)]]"
"[(1, 5), (8, 9), (4, 2)]",480,"[(2, 5), (6, 6), (5, 2)]","[[(1, 2), (3, 4), (2, 3), (4, 5), (1, 5), (2, 6), (1, 8), (3, 7), (2, 8), (1, 4), (2, 9), (1, 7), (2, 5), (3, 8), (1, 3), (3, 9), (2, 1)], [(4, 6), (5, 6), (7, 8), (8, 9), (6, 7), (8, 5), (9, 6), (5, 9), (7, 5), (9, 4), (4, 9), (8, 7), (9, 8), (7, 6), (5, 8), (6, 9), (6, 4), (7, 4)], [(4, 2), (6, 3), (9, 2), (5, 4), (7, 1), (3, 1), (4, 3), (7, 3), (8, 1), (5, 3), (3, 2), (6, 2), (4, 1), (8, 3), (9, 1), (6, 1)]]"
"[(1, 5), (2, 6), (4, 2)]",477,"[(1, 5), (5, 7), (6, 2)]","[[(1, 2), (3, 4), (2, 3), (4, 5), (1, 5), (1, 8), (1, 4), (1, 7), (2, 5), (1, 3), (2, 6), (2, 8), (2, 9), (2, 1)], [(8, 5), (7, 5), (5, 6), (7, 8), (8, 9), (3, 7), (6, 7), (9, 6), (5, 9), (4, 6), (3, 9), (4, 9), (8, 7), (9, 8), (7, 6), (5, 8), (6, 9), (3, 8), (5, 4)], [(4, 2), (6, 3), (9, 2), (7, 1), (3, 1), (4, 3), (7, 3), (8, 1), (6, 4), (9, 4), (5, 3), (3, 2), (6, 2), (4, 1), (8, 3), (7, 4), (9, 1), (6, 1)]]"
"[(8, 9), (2, 6), (4, 2)]",514,"[(6, 6), (1, 5), (5, 2)]","[[(7, 8), (8, 9), (6, 7), (8, 5), (9, 6), (5, 9), (7, 5), (9, 4), (4, 9), (8, 7), (9, 8), (7, 6), (5, 8), (6, 9), (5, 6), (7, 4), (4, 5), (4, 6), (6, 4), (3, 7), (3, 9), (3, 8)], [(3, 4), (2, 3), (1, 5), (2, 6), (1, 8), (2, 8), (1, 4), (2, 9), (1, 7), (2, 5), (1, 3), (1, 2)], [(4, 2), (6, 3), (9, 2), (5, 4), (7, 1), (3, 1), (4, 3), (7, 3), (8, 1), (2, 1), (5, 3), (3, 2), (6, 2), (4, 1), (8, 3), (9, 1), (6, 1)]]"
